DN,BEGIN_TIME,END_TIME,R001_001,R001_002,R001_003,R001_004,R001_005,R001_006,R001_007,R001_008,R001_009,R001_010,R001_011,R001_012,R001_014,R001_016,R001_018,R001_020,R001_022,R001_013,R001_015,R001_017,R001_019,R001_021,RATE
0,"PLMN=1,AREA=1,ENB=1028401,cell=0",2018/7/1 0:15,2018/7/1 0:15,0,0,0,0,0,0,1,0,0,0,0,0,0,0,75,37,131,0,0,75,38,131,0.9
6588,"PLMN=1,AREA=1,ENB=1028401,cell=0",2018/7/1 0:15,2018/7/1 0:30,0,0,0,0,0,0,7,0,0,0,0,0,0,0,76,37,128,0,0,76,44,128,0.9
13175,"PLMN=1,AREA=1,ENB=1028401,cell=0",2018/7/1 0:30,2018/7/1 0:45,0,0,0,0,0,0,2,0,0,0,0,0,0,0,76,33,123,0,0,76,35,123,0.9
19763,"PLMN=1,AREA=1,ENB=1028401,cell=0",2018/7/1 0:45,2018/7/1 1:00,0,0,0,0,0,0,6,0,0,0,0,0,0,0,85,36,135,0,0,85,42,135,0.9
27038,"PLMN=1,AREA=1,ENB=1028401,cell=0",2018/7/1 1:15,2018/7/1 1:30,0,0,0,0,0,0,8,0,0,0,0,0,0,0,85,54,125,0,0,85,62,125,0.9
33625,"PLMN=1,AREA=1,ENB=1028401,cell=0",2018/7/1 1:30,2018/7/1 1:45,0,0,0,0,0,0,2,0,0,0,0,0,0,0,77,54,120,0,0,77,56,120,0.9
40212,"PLMN=1,AREA=1,ENB=1028401,cell=0",2018/7/1 1:45,2018/7/1 2:00,0,0,0,0,0,0,7,0,0,0,0,0,0,0,82,43,132,0,0,82,50,132,0.9
46803,"PLMN=1,AREA=1,ENB=1028401,cell=0",2018/7/1 2:00,2018/7/1 2:15,0,0,0,0,0,0,1,0,0,0,0,0,0,0,103,26,136,0,0,103,27,136,0.9
53391,"PLMN=1,AREA=1,ENB=1028401,cell=0",2018/7/1 2:15,2018/7/1 2:30,0,0,0,0,0,0,1,0,0,0,0,0,0,0,85,33,151,0,0,85,34,151,0.9
59978,"PLMN=1,AREA=1,ENB=1028401,cell=0",2018/7/1 2:30,2018/7/1 2:45,0,0,0,0,0,0,2,0,0,0,0,0,0,0,105,25,124,0,0,105,27,124,0.9
66565,"PLMN=1,AREA=1,ENB=1028401,cell=0",2018/7/1 2:45,2018/7/1 3:00,0,0,0,0,0,0,1,0,0,0,0,0,0,0,78,20,133,0,0,78,21,133,0.9
73155,"PLMN=1,AREA=1,ENB=1028401,cell=0",2018/7/1 3:00,2018/7/1 3:15,0,0,0,0,0,0,0,0,0,0,0,0,0,0,83,21,125,0,0,83,21,125,0.9
79744,"PLMN=1,AREA=1,ENB=1028401,cell=0",2018/7/1 3:15,2018/7/1 3:30,0,0,0,0,0,0,1,0,0,0,0,0,0,0,79,23,124,0,0,79,24,124,0.9
86331,"PLMN=1,AREA=1,ENB=1028401,cell=0",2018/7/1 3:30,2018/7/1 3:45,0,0,0,0,0,0,3,0,0,0,0,0,0,0,98,22,125,0,0,98,25,125,0.9
92919,"PLMN=1,AREA=1,ENB=1028401,cell=0",2018/7/1 3:45,2018/7/1 4:00,0,0,0,0,0,0,0,0,0,0,0,0,0,0,94,26,135,0,0,94,26,135,0.9
99510,"PLMN=1,AREA=1,ENB=1028401,cell=0",2018/7/1 4:00,2018/7/1 4:15,0,0,0,0,0,0,11,0,0,0,0,0,0,0,96,22,125,0,0,96,33,125,0.9
106098,"PLMN=1,AREA=1,ENB=1028401,cell=0",2018/7/1 4:15,2018/7/1 4:30,0,0,0,0,0,0,4,0,0,0,0,0,0,0,95,30,112,0,0,95,34,112,0.9
112688,"PLMN=1,AREA=1,ENB=1028401,cell=0",2018/7/1 4:30,2018/7/1 4:45,0,0,0,0,0,0,3,0,0,0,0,0,0,0,92,21,129,0,0,92,24,129,0.9
119279,"PLMN=1,AREA=1,ENB=1028401,cell=0",2018/7/1 4:45,2018/7/1 5:00,0,0,0,0,0,0,2,0,0,0,0,0,0,0,95,30,127,0,0,95,32,127,0.9
125867,"PLMN=1,AREA=1,ENB=1028401,cell=0",2018/7/1 5:00,2018/7/1 5:15,0,0,0,0,0,0,1,0,0,0,0,0,0,0,94,29,106,0,0,94,30,106,0.9
132453,"PLMN=1,AREA=1,ENB=1028401,cell=0",2018/7/1 5:15,2018/7/1 5:30,0,0,0,0,0,0,0,0,0,0,0,0,0,0,87,42,127,0,0,87,42,127,0.9
139040,"PLMN=1,AREA=1,ENB=1028401,cell=0",2018/7/1 5:30,2018/7/1 5:45,0,0,0,0,0,0,0,0,0,0,0,0,0,0,93,38,123,0,0,93,38,123,0.9
145628,"PLMN=1,AREA=1,ENB=1028401,cell=0",2018/7/1 5:45,2018/7/1 6:00,0,0,0,0,0,0,3,0,0,0,0,0,0,0,93,48,108,0,0,93,51,108,0.9
152219,"PLMN=1,AREA=1,ENB=1028401,cell=0",2018/7/1 6:00,2018/7/1 6:15,0,0,0,0,0,0,9,0,0,0,0,0,0,0,67,64,85,0,0,67,73,85,0.9
158806,"PLMN=1,AREA=1,ENB=1028401,cell=0",2018/7/1 6:15,2018/7/1 6:30,0,0,0,0,0,0,2,0,0,0,0,0,0,0,53,57,107,0,0,53,59,107,0.9
165394,"PLMN=1,AREA=1,ENB=1028401,cell=0",2018/7/1 6:30,2018/7/1 6:45,0,0,0,0,0,0,5,0,0,0,0,0,0,0,83,81,94,0,0,83,86,94,0.9
171981,"PLMN=1,AREA=1,ENB=1028401,cell=0",2018/7/1 6:45,2018/7/1 7:00,0,0,0,0,0,0,8,0,0,0,0,0,0,0,66,64,110,0,0,66,72,110,0.9
178555,"PLMN=1,AREA=1,ENB=1028401,cell=0",2018/7/1 7:00,2018/7/1 7:15,0,0,0,0,0,0,0,0,0,0,0,0,0,0,72,72,94,0,0,72,72,94,0.9
185108,"PLMN=1,AREA=1,ENB=1028401,cell=0",2018/7/1 7:15,2018/7/1 7:30,0,0,0,0,0,0,2,0,0,0,0,0,0,0,57,90,114,0,0,57,92,114,0.9
191679,"PLMN=1,AREA=1,ENB=1028401,cell=0",2018/7/1 7:30,2018/7/1 7:45,0,0,0,0,0,0,4,0,0,0,0,0,0,0,70,96,101,0,0,70,100,101,0.9
198245,"PLMN=1,AREA=1,ENB=1028401,cell=0",2018/7/1 7:45,2018/7/1 8:00,0,0,0,0,0,0,1,0,0,0,0,0,0,0,76,77,98,0,0,76,78,98,0.9
204790,"PLMN=1,AREA=1,ENB=1028401,cell=0",2018/7/1 8:00,2018/7/1 8:15,0,0,0,0,0,0,4,0,0,0,0,0,0,0,92,73,114,0,0,92,77,114,0.9
211354,"PLMN=1,AREA=1,ENB=1028401,cell=0",2018/7/1 8:15,2018/7/1 8:30,0,0,0,0,0,0,4,0,0,0,0,0,0,0,82,77,120,0,0,82,81,120,0.9
217941,"PLMN=1,AREA=1,ENB=1028401,cell=0",2018/7/1 8:30,2018/7/1 8:45,0,0,0,0,0,0,2,0,0,0,0,0,0,0,62,53,89,0,0,62,55,89,0.9
224518,"PLMN=1,AREA=1,ENB=1028401,cell=0",2018/7/1 8:45,2018/7/1 9:00,0,0,0,0,0,0,1,0,0,0,0,0,0,0,71,90,105,0,0,71,91,105,0.9
231085,"PLMN=1,AREA=1,ENB=1028401,cell=0",2018/7/1 9:00,2018/7/1 9:15,0,0,0,0,0,0,11,0,0,0,0,0,0,0,87,99,104,0,0,87,110,104,0.94
237661,"PLMN=1,AREA=1,ENB=1028401,cell=0",2018/7/1 9:15,2018/7/1 9:30,0,0,0,0,0,0,3,0,0,0,0,0,0,0,98,87,104,0,0,98,90,104,0.9
244234,"PLMN=1,AREA=1,ENB=1028401,cell=0",2018/7/1 9:30,2018/7/1 9:45,0,0,0,0,0,0,6,0,0,0,0,0,0,0,96,65,113,0,0,96,71,113,0.9
250797,"PLMN=1,AREA=1,ENB=1028401,cell=0",2018/7/1 9:45,2018/7/1 10:00,0,0,0,0,0,0,9,0,0,0,0,0,0,0,91,57,85,0,0,91,66,85,0.9
257380,"PLMN=1,AREA=1,ENB=1028401,cell=0",2018/7/1 10:00,2018/7/1 10:15,0,0,0,0,0,0,7,0,0,0,0,0,0,0,155,114,95,0,0,155,121,95,0.94
263958,"PLMN=1,AREA=1,ENB=1028401,cell=0",2018/7/1 10:15,2018/7/1 10:30,0,0,0,0,0,0,8,0,0,0,0,0,0,0,134,91,111,0,0,134,99,111,0.94
270533,"PLMN=1,AREA=1,ENB=1028401,cell=0",2018/7/1 10:30,2018/7/1 10:45,0,0,0,0,0,0,2,0,0,0,0,0,0,0,131,103,110,0,0,131,105,110,0.94
277112,"PLMN=1,AREA=1,ENB=1028401,cell=0",2018/7/1 10:45,2018/7/1 11:00,0,0,0,0,0,0,17,0,0,0,0,0,0,0,134,116,123,0,0,134,133,123,0.94
283692,"PLMN=1,AREA=1,ENB=1028401,cell=0",2018/7/1 11:00,2018/7/1 11:15,0,0,0,0,0,0,0,0,0,0,0,0,0,0,140,95,118,0,0,140,95,118,0.94
290271,"PLMN=1,AREA=1,ENB=1028401,cell=0",2018/7/1 11:15,2018/7/1 11:30,0,0,0,0,0,0,1,0,0,0,0,0,0,1,154,106,120,0,1,154,107,120,0.94
296847,"PLMN=1,AREA=1,ENB=1028401,cell=0",2018/7/1 11:30,2018/7/1 11:45,0,0,0,0,0,0,4,0,0,0,0,0,0,0,143,94,125,0,0,143,97,126,0.94
303421,"PLMN=1,AREA=1,ENB=1028401,cell=0",2018/7/1 11:45,2018/7/1 12:00,0,0,0,0,0,0,3,0,0,0,0,0,0,0,136,99,121,0,0,137,101,121,0.94
309998,"PLMN=1,AREA=1,ENB=1028401,cell=0",2018/7/1 12:00,2018/7/1 12:15,0,0,0,0,0,0,2,0,0,0,0,0,0,0,142,76,120,0,0,142,78,120,0.94
316575,"PLMN=1,AREA=1,ENB=1028401,cell=0",2018/7/1 12:15,2018/7/1 12:30,0,0,0,0,0,0,1,0,0,0,0,0,0,0,124,86,153,0,0,124,87,153,0.94
323159,"PLMN=1,AREA=1,ENB=1028401,cell=0",2018/7/1 12:30,2018/7/1 12:45,0,0,0,0,0,0,1,0,0,0,0,0,0,0,139,66,136,0,0,139,67,136,0.94
329739,"PLMN=1,AREA=1,ENB=1028401,cell=0",2018/7/1 12:45,2018/7/1 13:00,0,0,0,0,0,0,1,0,0,0,0,0,0,0,143,112,139,0,0,143,113,139,0.94
336322,"PLMN=1,AREA=1,ENB=1028401,cell=0",2018/7/1 13:00,2018/7/1 13:15,0,0,0,0,0,0,4,0,0,0,0,0,0,0,149,95,130,0,0,149,97,132,0.94
342898,"PLMN=1,AREA=1,ENB=1028401,cell=0",2018/7/1 13:15,2018/7/1 13:30,0,0,0,0,0,0,0,0,0,0,0,0,0,0,182,98,139,0,0,182,98,139,0.94
349476,"PLMN=1,AREA=1,ENB=1028401,cell=0",2018/7/1 13:30,2018/7/1 13:45,0,0,0,0,0,0,2,0,0,0,0,0,0,0,158,67,131,0,0,160,67,131,0.94
356054,"PLMN=1,AREA=1,ENB=1028401,cell=0",2018/7/1 13:45,2018/7/1 14:00,0,0,0,0,0,0,0,0,0,0,0,0,0,0,165,86,146,0,0,165,86,146,0.94
362631,"PLMN=1,AREA=1,ENB=1028401,cell=0",2018/7/1 14:00,2018/7/1 14:15,0,0,0,0,0,0,3,0,0,0,0,0,0,0,118,82,130,0,0,118,82,133,0.94
369212,"PLMN=1,AREA=1,ENB=1028401,cell=0",2018/7/1 14:15,2018/7/1 14:30,0,0,0,0,0,0,1,0,0,0,0,0,0,0,126,74,123,0,0,126,74,124,0.94
375787,"PLMN=1,AREA=1,ENB=1028401,cell=0",2018/7/1 14:30,2018/7/1 14:45,0,0,0,0,0,0,1,0,0,0,0,0,0,0,95,85,122,0,0,95,86,122,0.94
382368,"PLMN=1,AREA=1,ENB=1028401,cell=0",2018/7/1 14:45,2018/7/1 15:00,0,0,0,0,0,0,0,0,0,0,0,0,0,0,140,73,110,0,0,140,73,110,0.94
388947,"PLMN=1,AREA=1,ENB=1028401,cell=0",2018/7/1 15:00,2018/7/1 15:15,0,0,0,0,0,0,0,0,0,0,0,0,0,0,134,58,91,0,0,134,58,91,0.9
395520,"PLMN=1,AREA=1,ENB=1028401,cell=0",2018/7/1 15:15,2018/7/1 15:30,0,0,0,0,0,0,2,0,0,0,0,0,0,0,115,80,107,0,0,115,82,107,0.94
402093,"PLMN=1,AREA=1,ENB=1028401,cell=0",2018/7/1 15:30,2018/7/1 15:45,0,0,0,0,0,0,0,0,0,0,0,0,0,0,121,66,102,0,0,121,66,102,0.9
408663,"PLMN=1,AREA=1,ENB=1028401,cell=0",2018/7/1 15:45,2018/7/1 16:00,0,0,0,0,0,0,1,0,0,0,0,0,0,0,134,82,100,0,0,134,83,100,0.94
415240,"PLMN=1,AREA=1,ENB=1028401,cell=0",2018/7/1 16:00,2018/7/1 16:15,0,0,0,0,0,0,4,0,0,0,0,0,0,0,138,71,108,0,0,139,73,109,0.94
421812,"PLMN=1,AREA=1,ENB=1028401,cell=0",2018/7/1 16:15,2018/7/1 16:30,0,0,0,0,0,0,4,0,0,0,0,0,0,0,115,83,125,0,0,117,85,125,0.94
428383,"PLMN=1,AREA=1,ENB=1028401,cell=0",2018/7/1 16:30,2018/7/1 16:45,0,0,0,0,0,0,4,0,0,0,0,0,0,0,114,67,118,0,0,114,71,118,0.94
434951,"PLMN=1,AREA=1,ENB=1028401,cell=0",2018/7/1 16:45,2018/7/1 17:00,0,0,0,0,0,0,1,0,0,0,0,0,0,0,96,90,123,0,0,96,91,123,0.94
441526,"PLMN=1,AREA=1,ENB=1028401,cell=0",2018/7/1 17:00,2018/7/1 17:15,0,0,0,0,0,0,2,0,0,0,0,0,0,0,110,92,105,0,0,110,93,106,0.94
448098,"PLMN=1,AREA=1,ENB=1028401,cell=0",2018/7/1 17:15,2018/7/1 17:30,0,0,0,0,0,0,4,0,0,0,0,0,0,0,108,100,113,0,0,108,104,113,0.94
454667,"PLMN=1,AREA=1,ENB=1028401,cell=0",2018/7/1 17:30,2018/7/1 17:45,0,0,0,0,0,0,3,0,0,0,0,0,0,0,125,93,111,0,0,125,96,111,0.94
461222,"PLMN=1,AREA=1,ENB=1028401,cell=0",2018/7/1 17:45,2018/7/1 18:00,0,0,0,0,0,0,3,0,0,0,0,0,0,0,115,100,98,0,0,116,102,98,0.94
467780,"PLMN=1,AREA=1,ENB=1028401,cell=0",2018/7/1 18:00,2018/7/1 18:15,0,0,0,0,0,0,1,0,0,0,0,0,0,0,148,90,114,0,0,148,91,114,0.94
474348,"PLMN=1,AREA=1,ENB=1028401,cell=0",2018/7/1 18:15,2018/7/1 18:30,0,0,0,0,0,0,1,0,0,0,0,0,0,0,143,87,79,0,0,143,88,79,0.94
480911,"PLMN=1,AREA=1,ENB=1028401,cell=0",2018/7/1 18:30,2018/7/1 18:45,0,0,0,0,0,0,0,0,0,0,0,0,0,0,122,118,84,0,0,122,118,84,0.94
487476,"PLMN=1,AREA=1,ENB=1028401,cell=0",2018/7/1 18:45,2018/7/1 19:00,0,0,0,0,0,0,2,0,0,0,0,0,0,0,114,71,86,0,0,114,73,86,0.9
494045,"PLMN=1,AREA=1,ENB=1028401,cell=0",2018/7/1 19:00,2018/7/1 19:15,0,0,0,0,0,0,1,0,0,0,0,0,0,0,122,103,88,0,0,122,104,88,0.94
500606,"PLMN=1,AREA=1,ENB=1028401,cell=0",2018/7/1 19:15,2018/7/1 19:30,0,0,0,0,0,0,0,0,0,0,0,0,0,0,110,104,92,0,0,110,104,92,0.94
507167,"PLMN=1,AREA=1,ENB=1028401,cell=0",2018/7/1 19:30,2018/7/1 19:45,0,0,0,0,0,0,1,0,0,0,0,0,0,0,76,90,124,0,0,76,90,125,0.9
513733,"PLMN=1,AREA=1,ENB=1028401,cell=0",2018/7/1 19:45,2018/7/1 20:00,0,0,0,0,0,0,1,0,0,0,0,0,0,0,92,99,106,0,0,92,100,106,0.9
520293,"PLMN=1,AREA=1,ENB=1028401,cell=0",2018/7/1 20:00,2018/7/1 20:15,0,0,0,0,0,0,0,0,0,0,0,0,0,0,101,70,86,0,0,101,70,86,0.9
526857,"PLMN=1,AREA=1,ENB=1028401,cell=0",2018/7/1 20:15,2018/7/1 20:30,0,0,0,0,0,0,2,0,0,0,0,0,0,0,83,90,110,0,0,83,91,111,0.9
533419,"PLMN=1,AREA=1,ENB=1028401,cell=0",2018/7/1 20:30,2018/7/1 20:45,0,0,0,0,0,0,5,0,0,0,0,0,0,0,78,55,107,0,0,78,60,107,0.9
539979,"PLMN=1,AREA=1,ENB=1028401,cell=0",2018/7/1 20:45,2018/7/1 21:00,0,0,0,0,0,0,0,0,0,0,0,0,0,0,109,81,121,0,0,109,81,121,0.94
546544,"PLMN=1,AREA=1,ENB=1028401,cell=0",2018/7/1 21:00,2018/7/1 21:15,0,0,0,0,0,0,7,0,0,0,0,0,0,0,108,78,135,0,0,108,85,135,0.94
553112,"PLMN=1,AREA=1,ENB=1028401,cell=0",2018/7/1 21:15,2018/7/1 21:30,0,0,0,0,0,0,1,0,0,0,0,0,0,0,101,107,134,0,0,101,108,134,0.94
559679,"PLMN=1,AREA=1,ENB=1028401,cell=0",2018/7/1 21:30,2018/7/1 21:45,0,0,0,0,0,0,8,0,0,0,0,0,0,0,111,124,125,0,0,111,132,125,0.94
566225,"PLMN=1,AREA=1,ENB=1028401,cell=0",2018/7/1 21:45,2018/7/1 22:00,0,0,0,0,0,0,5,0,0,0,0,0,0,0,89,68,136,0,0,89,73,136,0.94
572784,"PLMN=1,AREA=1,ENB=1028401,cell=0",2018/7/1 22:00,2018/7/1 22:15,0,0,0,0,0,0,0,0,0,0,0,0,0,0,74,54,93,0,0,74,54,93,0.9
579358,"PLMN=1,AREA=1,ENB=1028401,cell=0",2018/7/1 22:15,2018/7/1 22:30,0,0,0,0,0,0,0,0,0,0,0,0,0,0,91,52,92,0,0,91,52,92,0.9
585921,"PLMN=1,AREA=1,ENB=1028401,cell=0",2018/7/1 22:30,2018/7/1 22:45,0,0,0,0,0,0,10,0,0,0,0,0,0,0,76,44,97,0,0,76,54,97,0.9
592490,"PLMN=1,AREA=1,ENB=1028401,cell=0",2018/7/1 22:45,2018/7/1 23:00,0,0,0,0,0,0,0,0,0,0,0,0,0,0,74,41,109,0,0,74,41,109,0.9
599068,"PLMN=1,AREA=1,ENB=1028401,cell=0",2018/7/1 23:00,2018/7/1 23:15,0,0,0,0,0,0,1,0,0,0,0,0,0,0,60,49,111,0,0,60,50,111,0.9
605642,"PLMN=1,AREA=1,ENB=1028401,cell=0",2018/7/1 23:15,2018/7/1 23:30,0,0,0,0,0,0,0,0,0,0,0,0,0,0,75,46,110,0,0,75,46,110,0.9
612212,"PLMN=1,AREA=1,ENB=1028401,cell=0",2018/7/1 23:30,2018/7/1 23:45,0,0,0,0,0,0,1,0,0,0,0,0,0,0,68,52,131,0,0,68,53,131,0.9
618790,"PLMN=1,AREA=1,ENB=1028401,cell=0",2018/7/1 23:45,2018/7/2,0,0,0,0,0,0,1,0,0,0,0,0,0,0,52,36,111,0,0,52,37,111,0.9
0,"PLMN=1,AREA=1,ENB=1028401,cell=0",2018/7/2,2018/7/2 0:15,0,0,0,0,0,0,0,0,0,0,0,0,0,0,53,32,117,0,0,53,32,117,0.9
6576,"PLMN=1,AREA=1,ENB=1028401,cell=0",2018/7/2 0:15,2018/7/2 0:30,0,0,0,0,0,0,0,0,0,0,0,0,0,0,74,54,119,0,0,74,54,119,0.9
13151,"PLMN=1,AREA=1,ENB=1028401,cell=0",2018/7/2 0:30,2018/7/2 0:45,0,0,0,0,0,0,0,0,0,0,0,0,0,0,43,32,129,0,0,43,32,129,0.9
19733,"PLMN=1,AREA=1,ENB=1028401,cell=0",2018/7/2 0:45,2018/7/2 1:00,0,0,0,0,0,0,2,0,0,0,0,0,0,0,48,42,122,0,0,48,44,122,0.9
28039,"PLMN=1,AREA=1,ENB=1028401,cell=0",2018/7/2 1:15,2018/7/2 1:30,0,0,0,0,0,0,0,0,0,0,0,0,0,0,43,63,111,0,0,43,63,111,0.9
34611,"PLMN=1,AREA=1,ENB=1028401,cell=0",2018/7/2 1:30,2018/7/2 1:45,0,0,0,0,0,0,0,0,0,0,0,0,0,0,43,77,119,0,0,43,77,119,0.9
41180,"PLMN=1,AREA=1,ENB=1028401,cell=0",2018/7/2 1:45,2018/7/2 2:00,0,0,0,0,0,0,1,0,0,0,0,0,0,0,35,56,102,0,0,35,57,102,0.9
47746,"PLMN=1,AREA=1,ENB=1028401,cell=0",2018/7/2 2:00,2018/7/2 2:15,0,0,0,0,0,0,0,0,0,0,0,0,0,0,50,84,121,0,0,50,84,121,0.9
54315,"PLMN=1,AREA=1,ENB=1028401,cell=0",2018/7/2 2:15,2018/7/2 2:30,0,0,0,0,0,0,0,0,0,0,0,0,0,0,47,77,117,0,0,47,77,117,0.9
60881,"PLMN=1,AREA=1,ENB=1028401,cell=0",2018/7/2 2:30,2018/7/2 2:45,0,0,0,0,0,0,0,0,0,0,0,0,0,0,37,93,103,0,0,37,93,103,0.9
67443,"PLMN=1,AREA=1,ENB=1028401,cell=0",2018/7/2 2:45,2018/7/2 3:00,0,0,0,0,0,0,0,0,0,0,0,0,0,0,39,58,115,0,0,39,58,115,0.9
74003,"PLMN=1,AREA=1,ENB=1028401,cell=0",2018/7/2 3:00,2018/7/2 3:15,0,0,0,0,0,0,0,0,0,0,0,0,0,0,57,42,122,0,0,57,42,122,0.9
80565,"PLMN=1,AREA=1,ENB=1028401,cell=0",2018/7/2 3:15,2018/7/2 3:30,0,0,0,0,0,0,0,0,0,0,0,0,0,0,46,31,117,0,0,46,31,117,0.9
87132,"PLMN=1,AREA=1,ENB=1028401,cell=0",2018/7/2 3:30,2018/7/2 3:45,0,0,0,0,0,0,0,0,0,0,0,0,0,0,42,20,110,0,0,42,20,110,0.9
93692,"PLMN=1,AREA=1,ENB=1028401,cell=0",2018/7/2 3:45,2018/7/2 4:00,0,0,0,0,0,0,0,0,0,0,0,0,0,0,63,21,108,0,0,63,21,108,0.9
100254,"PLMN=1,AREA=1,ENB=1028401,cell=0",2018/7/2 4:00,2018/7/2 4:15,0,0,0,0,0,0,0,0,0,0,0,0,0,0,35,27,105,0,0,35,27,105,0.9
106818,"PLMN=1,AREA=1,ENB=1028401,cell=0",2018/7/2 4:15,2018/7/2 4:30,0,0,0,0,0,0,1,0,0,0,0,0,0,0,45,22,97,0,0,45,23,97,0.9
113381,"PLMN=1,AREA=1,ENB=1028401,cell=0",2018/7/2 4:30,2018/7/2 4:45,0,0,0,0,0,0,0,0,0,0,0,0,0,0,41,32,108,0,0,41,32,108,0.9
119944,"PLMN=1,AREA=1,ENB=1028401,cell=0",2018/7/2 4:45,2018/7/2 5:00,0,0,0,0,0,0,0,0,0,0,0,0,0,0,60,31,115,0,0,60,31,115,0.9
126507,"PLMN=1,AREA=1,ENB=1028401,cell=0",2018/7/2 5:00,2018/7/2 5:15,0,0,0,0,0,0,0,0,0,0,0,0,0,0,54,30,122,0,0,54,30,122,0.9
133071,"PLMN=1,AREA=1,ENB=1028401,cell=0",2018/7/2 5:15,2018/7/2 5:30,0,0,0,0,0,0,0,0,0,0,0,0,0,0,50,33,117,0,0,50,33,117,0.9
139634,"PLMN=1,AREA=1,ENB=1028401,cell=0",2018/7/2 5:30,2018/7/2 5:45,0,0,0,0,0,0,0,0,0,0,0,0,0,0,48,24,112,0,0,48,24,112,0.9
146195,"PLMN=1,AREA=1,ENB=1028401,cell=0",2018/7/2 5:45,2018/7/2 6:00,0,0,0,0,0,0,1,0,0,0,0,0,0,0,49,40,105,0,0,49,41,105,0.9
152759,"PLMN=1,AREA=1,ENB=1028401,cell=0",2018/7/2 6:00,2018/7/2 6:15,0,0,0,0,0,0,1,0,0,0,0,0,0,0,38,55,120,0,0,38,56,120,0.9
159322,"PLMN=1,AREA=1,ENB=1028401,cell=0",2018/7/2 6:15,2018/7/2 6:30,0,0,0,0,0,0,0,0,0,0,0,0,0,0,49,35,119,0,0,49,35,119,0.9
165869,"PLMN=1,AREA=1,ENB=1028401,cell=0",2018/7/2 6:30,2018/7/2 6:45,0,0,0,0,0,0,0,0,0,0,0,0,0,0,52,46,114,0,0,52,46,114,0.9
172414,"PLMN=1,AREA=1,ENB=1028401,cell=0",2018/7/2 6:45,2018/7/2 7:00,0,0,0,0,0,0,0,0,0,0,0,0,0,0,71,59,118,0,0,71,59,118,0.9
178926,"PLMN=1,AREA=1,ENB=1028401,cell=0",2018/7/2 7:00,2018/7/2 7:15,0,0,0,0,0,0,2,0,0,0,0,0,0,0,78,36,127,0,0,78,38,127,0.9
185471,"PLMN=1,AREA=1,ENB=1028401,cell=0",2018/7/2 7:15,2018/7/2 7:30,0,0,0,0,0,0,1,0,0,0,0,0,0,0,71,45,127,0,0,71,46,127,0.9
192020,"PLMN=1,AREA=1,ENB=1028401,cell=0",2018/7/2 7:30,2018/7/2 7:45,0,0,0,0,0,0,3,0,0,0,0,0,0,0,77,50,119,0,0,77,53,119,0.9
198567,"PLMN=1,AREA=1,ENB=1028401,cell=0",2018/7/2 7:45,2018/7/2 8:00,0,0,0,0,0,0,0,0,0,0,0,0,0,0,63,50,120,0,0,63,50,120,0.9
205119,"PLMN=1,AREA=1,ENB=1028401,cell=0",2018/7/2 8:00,2018/7/2 8:15,0,0,0,0,0,0,1,0,0,0,0,0,0,0,67,62,120,0,0,67,63,120,0.9
211675,"PLMN=1,AREA=1,ENB=1028401,cell=0",2018/7/2 8:15,2018/7/2 8:30,0,0,0,0,0,0,0,0,0,0,0,0,0,0,69,59,94,0,0,69,59,94,0.9
218221,"PLMN=1,AREA=1,ENB=1028401,cell=0",2018/7/2 8:30,2018/7/2 8:45,0,0,0,0,0,0,3,0,0,0,0,0,0,0,67,42,83,0,0,67,45,83,0.9
224773,"PLMN=1,AREA=1,ENB=1028401,cell=0",2018/7/2 8:45,2018/7/2 9:00,0,0,0,0,0,0,3,0,0,0,0,0,0,0,76,57,81,0,0,76,60,81,0.9
231333,"PLMN=1,AREA=1,ENB=1028401,cell=0",2018/7/2 9:00,2018/7/2 9:15,0,0,0,0,0,0,5,0,0,0,0,0,0,0,77,60,101,0,0,77,65,101,0.9
237891,"PLMN=1,AREA=1,ENB=1028401,cell=0",2018/7/2 9:15,2018/7/2 9:30,0,0,0,0,0,0,0,0,0,0,0,0,0,0,83,68,102,0,0,83,68,102,0.9
244449,"PLMN=1,AREA=1,ENB=1028401,cell=0",2018/7/2 9:30,2018/7/2 9:45,0,0,0,0,0,0,7,0,0,0,0,0,0,0,70,42,112,0,0,70,49,112,0.9
250994,"PLMN=1,AREA=1,ENB=1028401,cell=0",2018/7/2 9:45,2018/7/2 10:00,0,0,0,0,0,0,0,0,0,0,0,0,0,0,50,54,109,0,0,50,54,109,0.9
257552,"PLMN=1,AREA=1,ENB=1028401,cell=0",2018/7/2 10:00,2018/7/2 10:15,0,0,0,0,0,0,1,0,0,0,0,0,0,0,75,68,93,0,0,75,69,93,0.9
263883,"PLMN=1,AREA=1,ENB=1028401,cell=0",2018/7/2 10:15,2018/7/2 10:30,0,0,0,0,0,0,3,0,0,0,0,0,0,0,38,92,90,0,0,38,95,90,0.9
270334,"PLMN=1,AREA=1,ENB=1028401,cell=0",2018/7/2 10:30,2018/7/2 10:45,0,0,0,0,0,0,0,0,0,0,0,0,0,0,63,63,113,0,0,63,63,113,0.9
276905,"PLMN=1,AREA=1,ENB=1028401,cell=0",2018/7/2 10:45,2018/7/2 11:00,0,0,0,0,0,0,3,0,0,0,0,0,0,0,75,51,93,0,0,75,54,93,0.9
283477,"PLMN=1,AREA=1,ENB=1028401,cell=0",2018/7/2 11:00,2018/7/2 11:15,0,0,0,0,0,0,0,0,0,0,0,0,0,0,92,58,119,0,0,92,58,119,0.9
290054,"PLMN=1,AREA=1,ENB=1028401,cell=0",2018/7/2 11:15,2018/7/2 11:30,0,0,0,0,0,0,0,0,0,0,0,0,0,0,115,78,100,0,0,115,78,100,0.9
296494,"PLMN=1,AREA=1,ENB=1028401,cell=0",2018/7/2 11:30,2018/7/2 11:45,0,0,0,0,0,0,1,0,0,0,0,0,0,0,116,73,101,0,0,116,74,101,0.9
302864,"PLMN=1,AREA=1,ENB=1028401,cell=0",2018/7/2 11:45,2018/7/2 12:00,0,0,0,0,0,0,0,0,0,0,0,0,0,0,78,74,115,0,0,78,74,115,0.9
309250,"PLMN=1,AREA=1,ENB=1028401,cell=0",2018/7/2 12:00,2018/7/2 12:15,0,0,0,0,0,0,0,0,0,0,0,0,0,0,75,52,88,0,0,75,52,88,0.9
315622,"PLMN=1,AREA=1,ENB=1028401,cell=0",2018/7/2 12:15,2018/7/2 12:30,0,0,0,0,0,0,0,0,0,0,0,0,0,0,93,48,94,0,0,93,48,94,0.9
322142,"PLMN=1,AREA=1,ENB=1028401,cell=0",2018/7/2 12:30,2018/7/2 12:45,0,0,0,0,0,0,1,0,0,0,0,0,0,0,109,48,98,0,0,109,49,98,0.9
328718,"PLMN=1,AREA=1,ENB=1028401,cell=0",2018/7/2 12:45,2018/7/2 13:00,0,0,0,0,0,0,0,0,0,0,0,0,0,0,127,51,130,0,0,127,51,130,0.94
335296,"PLMN=1,AREA=1,ENB=1028401,cell=0",2018/7/2 13:00,2018/7/2 13:15,0,0,0,0,0,0,1,0,0,0,0,0,0,0,104,63,130,0,0,104,64,130,0.9
341873,"PLMN=1,AREA=1,ENB=1028401,cell=0",2018/7/2 13:15,2018/7/2 13:30,0,0,0,0,0,0,0,0,0,0,0,0,0,0,96,52,106,0,0,96,52,106,0.9
348451,"PLMN=1,AREA=1,ENB=1028401,cell=0",2018/7/2 13:30,2018/7/2 13:45,0,0,0,0,0,0,0,0,0,0,0,0,0,0,102,52,115,0,0,102,52,115,0.9
355029,"PLMN=1,AREA=1,ENB=1028401,cell=0",2018/7/2 13:45,2018/7/2 14:00,0,0,0,0,0,0,1,0,0,0,0,0,0,0,92,56,94,0,0,92,57,94,0.9
361608,"PLMN=1,AREA=1,ENB=1028401,cell=0",2018/7/2 14:00,2018/7/2 14:15,0,0,0,0,0,0,3,0,0,0,0,0,0,0,68,48,119,0,0,68,51,119,0.9
368151,"PLMN=1,AREA=1,ENB=1028401,cell=0",2018/7/2 14:15,2018/7/2 14:30,0,0,0,0,0,0,0,0,0,0,0,0,0,0,96,70,99,0,0,96,70,99,0.9
374647,"PLMN=1,AREA=1,ENB=1028401,cell=0",2018/7/2 14:30,2018/7/2 14:45,0,0,0,0,0,0,0,0,0,0,0,0,0,0,105,55,77,0,0,105,55,77,0.9
381055,"PLMN=1,AREA=1,ENB=1028401,cell=0",2018/7/2 14:45,2018/7/2 15:00,0,0,0,0,0,0,0,0,0,0,0,0,0,0,84,47,89,0,0,84,47,89,0.9
387436,"PLMN=1,AREA=1,ENB=1028401,cell=0",2018/7/2 15:00,2018/7/2 15:15,0,0,0,0,0,0,0,0,0,0,0,0,0,0,73,52,96,0,0,73,52,96,0.9
393930,"PLMN=1,AREA=1,ENB=1028401,cell=0",2018/7/2 15:15,2018/7/2 15:30,0,0,0,0,0,0,0,0,0,0,0,0,0,0,85,43,81,0,0,85,43,81,0.9
400449,"PLMN=1,AREA=1,ENB=1028401,cell=0",2018/7/2 15:30,2018/7/2 15:45,0,0,0,0,0,0,2,0,0,0,0,0,0,0,69,67,108,0,0,69,69,108,0.9
406848,"PLMN=1,AREA=1,ENB=1028401,cell=0",2018/7/2 15:45,2018/7/2 16:00,0,0,0,0,0,0,7,0,0,0,0,0,0,0,110,106,122,0,0,110,113,122,0.94
413273,"PLMN=1,AREA=1,ENB=1028401,cell=0",2018/7/2 16:00,2018/7/2 16:15,0,0,0,0,0,0,0,0,0,0,0,0,0,0,94,82,141,0,0,94,82,141,0.94
419801,"PLMN=1,AREA=1,ENB=1028401,cell=0",2018/7/2 16:15,2018/7/2 16:30,0,0,0,0,0,0,2,0,0,0,0,0,0,0,94,93,122,0,0,94,95,122,0.94
426379,"PLMN=1,AREA=1,ENB=1028401,cell=0",2018/7/2 16:30,2018/7/2 16:45,0,0,0,0,0,0,6,0,0,0,0,0,0,0,60,36,106,0,0,60,41,107,0.9
432956,"PLMN=1,AREA=1,ENB=1028401,cell=0",2018/7/2 16:45,2018/7/2 17:00,0,0,0,0,0,0,0,0,0,0,0,0,0,0,82,57,85,0,0,82,57,85,0.9
439533,"PLMN=1,AREA=1,ENB=1028401,cell=0",2018/7/2 17:00,2018/7/2 17:15,0,0,0,0,0,0,2,0,0,0,0,0,0,0,70,78,102,0,0,70,80,102,0.9
446120,"PLMN=1,AREA=1,ENB=1028401,cell=0",2018/7/2 17:15,2018/7/2 17:30,0,0,0,0,0,0,0,0,0,0,0,0,0,0,76,77,105,0,0,76,77,105,0.9
452710,"PLMN=1,AREA=1,ENB=1028401,cell=0",2018/7/2 17:30,2018/7/2 17:45,0,0,0,0,0,0,0,0,0,0,0,0,0,0,57,83,87,0,0,57,83,87,0.9
459300,"PLMN=1,AREA=1,ENB=1028401,cell=0",2018/7/2 17:45,2018/7/2 18:00,0,0,0,0,0,0,3,0,0,0,0,0,0,0,83,61,89,0,0,83,64,89,0.9
465895,"PLMN=1,AREA=1,ENB=1028401,cell=0",2018/7/2 18:00,2018/7/2 18:15,0,0,0,0,0,0,0,0,0,0,0,0,0,0,67,58,91,0,0,67,58,91,0.9
472480,"PLMN=1,AREA=1,ENB=1028401,cell=0",2018/7/2 18:15,2018/7/2 18:30,0,0,0,0,0,0,0,0,0,0,0,0,0,0,123,68,72,0,0,123,68,72,0.9
479066,"PLMN=1,AREA=1,ENB=1028401,cell=0",2018/7/2 18:30,2018/7/2 18:45,0,0,0,0,0,0,0,0,0,0,0,0,0,0,123,78,90,0,0,123,78,90,0.9
485648,"PLMN=1,AREA=1,ENB=1028401,cell=0",2018/7/2 18:45,2018/7/2 19:00,0,0,0,0,0,0,2,0,0,0,0,0,0,0,83,86,80,0,0,83,88,80,0.9
492232,"PLMN=1,AREA=1,ENB=1028401,cell=0",2018/7/2 19:00,2018/7/2 19:15,0,0,0,0,0,0,1,0,0,0,0,0,0,0,88,115,98,0,0,88,116,98,0.94
498823,"PLMN=1,AREA=1,ENB=1028401,cell=0",2018/7/2 19:15,2018/7/2 19:30,0,0,0,0,0,0,0,0,0,0,0,0,0,0,64,106,74,0,0,64,106,74,0.9
505415,"PLMN=1,AREA=1,ENB=1028401,cell=0",2018/7/2 19:30,2018/7/2 19:45,0,0,0,0,0,0,1,0,0,0,0,0,0,0,61,83,81,0,0,61,84,81,0.9
512010,"PLMN=1,AREA=1,ENB=1028401,cell=0",2018/7/2 19:45,2018/7/2 20:00,0,0,0,0,0,0,1,0,0,0,0,0,0,0,80,57,75,0,0,80,58,75,0.9
518605,"PLMN=1,AREA=1,ENB=1028401,cell=0",2018/7/2 20:00,2018/7/2 20:15,0,0,0,0,0,0,1,0,0,0,0,0,0,0,71,44,61,0,0,71,44,62,0.9
525199,"PLMN=1,AREA=1,ENB=1028401,cell=0",2018/7/2 20:15,2018/7/2 20:30,0,0,0,0,0,0,0,0,0,0,0,0,0,0,71,57,69,0,0,71,57,69,0.9
531791,"PLMN=1,AREA=1,ENB=1028401,cell=0",2018/7/2 20:30,2018/7/2 20:45,0,0,0,0,0,0,1,0,0,0,0,0,0,0,72,54,86,0,0,72,55,86,0.9
538386,"PLMN=1,AREA=1,ENB=1028401,cell=0",2018/7/2 20:45,2018/7/2 21:00,0,0,0,0,0,0,0,0,0,0,0,0,0,0,70,60,72,0,0,70,60,72,0.9
544981,"PLMN=1,AREA=1,ENB=1028401,cell=0",2018/7/2 21:00,2018/7/2 21:15,0,0,0,0,0,0,0,0,0,0,0,0,0,0,58,36,81,0,0,58,36,81,0.9
551576,"PLMN=1,AREA=1,ENB=1028401,cell=0",2018/7/2 21:15,2018/7/2 21:30,0,0,0,0,0,0,14,0,0,0,0,0,0,0,62,40,82,0,0,62,54,82,0.9
558171,"PLMN=1,AREA=1,ENB=1028401,cell=0",2018/7/2 21:30,2018/7/2 21:45,0,0,0,0,0,0,4,0,0,0,0,0,0,0,61,50,88,0,0,61,53,89,0.9
564762,"PLMN=1,AREA=1,ENB=1028401,cell=0",2018/7/2 21:45,2018/7/2 22:00,0,0,0,0,0,0,0,0,0,0,0,0,0,0,66,30,83,0,0,66,30,83,0.9
571354,"PLMN=1,AREA=1,ENB=1028401,cell=0",2018/7/2 22:00,2018/7/2 22:15,0,0,0,0,0,0,0,0,0,0,0,0,0,0,78,40,95,0,0,78,40,95,0.9
577946,"PLMN=1,AREA=1,ENB=1028401,cell=0",2018/7/2 22:15,2018/7/2 22:30,0,0,0,0,0,0,1,0,0,0,0,0,0,0,79,31,101,0,0,79,32,101,0.9
584538,"PLMN=1,AREA=1,ENB=1028401,cell=0",2018/7/2 22:30,2018/7/2 22:45,0,0,0,0,0,0,0,0,0,0,0,0,0,0,56,27,77,0,0,56,27,77,0.9
591133,"PLMN=1,AREA=1,ENB=1028401,cell=0",2018/7/2 22:45,2018/7/2 23:00,0,0,0,0,0,0,0,0,0,0,0,0,0,0,63,25,94,0,0,63,25,94,0.9
597725,"PLMN=1,AREA=1,ENB=1028401,cell=0",2018/7/2 23:00,2018/7/2 23:15,0,0,0,0,0,0,0,0,0,0,0,0,0,0,45,25,118,0,0,45,25,118,0.9
604314,"PLMN=1,AREA=1,ENB=1028401,cell=0",2018/7/2 23:15,2018/7/2 23:30,0,0,0,0,0,0,0,0,0,0,0,0,0,0,43,32,95,0,0,43,32,95,0.9
610900,"PLMN=1,AREA=1,ENB=1028401,cell=0",2018/7/2 23:30,2018/7/2 23:45,0,0,0,0,0,0,0,0,0,0,0,0,0,0,58,15,86,0,0,58,15,86,0.9
617486,"PLMN=1,AREA=1,ENB=1028401,cell=0",2018/7/2 23:45,2018/7/3,0,0,0,0,0,0,1,0,0,0,0,0,0,0,61,21,78,0,0,61,22,78,0.9
0,"PLMN=1,AREA=1,ENB=1028401,cell=0",2018/7/3,2018/7/3 0:15,0,0,0,0,0,0,0,0,0,0,0,0,0,0,63,28,88,0,0,63,28,88,0.9
6583,"PLMN=1,AREA=1,ENB=1028401,cell=0",2018/7/3 0:15,2018/7/3 0:30,0,0,0,0,0,0,0,0,0,0,0,0,0,0,49,26,95,0,0,49,26,95,0.9
13165,"PLMN=1,AREA=1,ENB=1028401,cell=0",2018/7/3 0:30,2018/7/3 0:45,0,0,0,0,0,0,1,0,0,0,0,0,0,0,48,22,88,0,0,48,23,88,0.9
19748,"PLMN=1,AREA=1,ENB=1028401,cell=0",2018/7/3 0:45,2018/7/3 1:00,0,0,0,0,0,0,0,0,0,0,0,0,0,0,66,23,85,0,0,66,23,85,0.9
26614,"PLMN=1,AREA=1,ENB=1028401,cell=0",2018/7/3 1:15,2018/7/3 1:30,0,0,0,0,0,0,0,0,0,0,0,0,0,0,52,28,95,0,0,52,28,95,0.9
33197,"PLMN=1,AREA=1,ENB=1028401,cell=0",2018/7/3 1:30,2018/7/3 1:45,0,0,0,0,0,0,0,0,0,0,0,0,0,0,57,27,89,0,0,57,27,89,0.9
39780,"PLMN=1,AREA=1,ENB=1028401,cell=0",2018/7/3 1:45,2018/7/3 2:00,0,0,0,0,0,0,0,0,0,0,0,0,0,0,51,11,76,0,0,51,11,76,0.9
46360,"PLMN=1,AREA=1,ENB=1028401,cell=0",2018/7/3 2:00,2018/7/3 2:15,0,0,0,0,0,0,0,0,0,0,0,0,0,0,47,23,90,0,0,47,23,90,0.9
52940,"PLMN=1,AREA=1,ENB=1028401,cell=0",2018/7/3 2:15,2018/7/3 2:30,0,0,0,0,0,0,0,0,0,0,0,0,0,0,58,41,94,0,0,58,41,94,0.9
59518,"PLMN=1,AREA=1,ENB=1028401,cell=0",2018/7/3 2:30,2018/7/3 2:45,0,0,0,0,0,0,0,0,0,0,0,0,0,0,38,14,94,0,0,38,14,94,0.9
66095,"PLMN=1,AREA=1,ENB=1028401,cell=0",2018/7/3 2:45,2018/7/3 3:00,0,0,0,0,0,0,0,0,0,0,0,0,0,0,37,17,67,0,0,37,17,67,0.9
72675,"PLMN=1,AREA=1,ENB=1028401,cell=0",2018/7/3 3:00,2018/7/3 3:15,0,0,0,0,0,0,0,0,0,0,0,0,0,0,33,18,72,0,0,33,18,72,0.9
79249,"PLMN=1,AREA=1,ENB=1028401,cell=0",2018/7/3 3:15,2018/7/3 3:30,0,0,0,0,0,0,1,0,0,0,0,0,0,0,27,19,82,0,0,27,20,82,0.9
85829,"PLMN=1,AREA=1,ENB=1028401,cell=0",2018/7/3 3:30,2018/7/3 3:45,0,0,0,0,0,0,0,0,0,0,0,0,0,0,33,19,63,0,0,33,19,63,0.9
92406,"PLMN=1,AREA=1,ENB=1028401,cell=0",2018/7/3 3:45,2018/7/3 4:00,0,0,0,0,0,0,0,0,0,0,0,0,0,0,58,23,74,0,0,58,23,74,0.9
98986,"PLMN=1,AREA=1,ENB=1028401,cell=0",2018/7/3 4:00,2018/7/3 4:15,0,0,0,0,0,0,0,0,0,0,0,0,0,0,42,12,76,0,0,42,12,76,0.9
105566,"PLMN=1,AREA=1,ENB=1028401,cell=0",2018/7/3 4:15,2018/7/3 4:30,0,0,0,0,0,0,0,0,0,0,0,0,0,0,56,13,64,0,0,56,13,64,0.9
112146,"PLMN=1,AREA=1,ENB=1028401,cell=0",2018/7/3 4:30,2018/7/3 4:45,0,0,0,0,0,0,0,0,0,0,0,0,0,0,46,21,76,0,0,46,21,76,0.9
118723,"PLMN=1,AREA=1,ENB=1028401,cell=0",2018/7/3 4:45,2018/7/3 5:00,0,0,0,0,0,0,0,0,0,0,0,0,0,0,53,12,66,0,0,53,12,66,0.9
125303,"PLMN=1,AREA=1,ENB=1028401,cell=0",2018/7/3 5:00,2018/7/3 5:15,0,0,0,0,0,0,0,0,0,0,0,0,0,0,52,13,82,0,0,52,13,82,0.9
131868,"PLMN=1,AREA=1,ENB=1028401,cell=0",2018/7/3 5:15,2018/7/3 5:30,0,0,0,0,0,0,0,0,0,0,0,0,0,0,48,18,64,0,0,48,18,64,0.9
138430,"PLMN=1,AREA=1,ENB=1028401,cell=0",2018/7/3 5:30,2018/7/3 5:45,0,0,0,0,0,0,0,0,0,0,0,0,0,0,43,22,69,0,0,43,22,69,0.9
144995,"PLMN=1,AREA=1,ENB=1028401,cell=0",2018/7/3 5:45,2018/7/3 6:00,0,0,0,0,0,0,0,0,0,0,0,0,0,0,56,28,71,0,0,56,28,71,0.9
151557,"PLMN=1,AREA=1,ENB=1028401,cell=0",2018/7/3 6:00,2018/7/3 6:15,0,0,0,0,0,0,0,0,0,0,0,0,0,0,58,26,50,0,0,58,26,50,0.9
158119,"PLMN=1,AREA=1,ENB=1028401,cell=0",2018/7/3 6:15,2018/7/3 6:30,0,0,0,0,0,0,0,0,0,0,0,0,0,0,60,39,78,0,0,60,39,78,0.9
164681,"PLMN=1,AREA=1,ENB=1028401,cell=0",2018/7/3 6:30,2018/7/3 6:45,0,0,0,0,0,0,0,0,0,0,0,0,0,0,73,60,72,0,0,73,60,72,0.9
171246,"PLMN=1,AREA=1,ENB=1028401,cell=0",2018/7/3 6:45,2018/7/3 7:00,0,0,0,0,0,0,0,0,0,0,0,0,0,0,81,31,63,0,0,81,31,63,0.9
177817,"PLMN=1,AREA=1,ENB=1028401,cell=0",2018/7/3 7:00,2018/7/3 7:15,0,0,0,0,0,0,0,0,0,0,0,0,0,0,72,32,103,0,0,72,32,103,0.9
184388,"PLMN=1,AREA=1,ENB=1028401,cell=0",2018/7/3 7:15,2018/7/3 7:30,0,0,0,0,0,0,1,0,0,0,0,0,0,0,78,34,83,0,0,78,35,83,0.9
190968,"PLMN=1,AREA=1,ENB=1028401,cell=0",2018/7/3 7:30,2018/7/3 7:45,0,0,0,0,0,0,0,0,0,0,0,0,0,0,65,28,79,0,0,65,28,79,0.9
197551,"PLMN=1,AREA=1,ENB=1028401,cell=0",2018/7/3 7:45,2018/7/3 8:00,0,0,0,0,0,0,0,0,0,0,0,0,0,0,45,56,66,0,0,45,56,66,0.9
204129,"PLMN=1,AREA=1,ENB=1028401,cell=0",2018/7/3 8:00,2018/7/3 8:15,0,0,0,0,0,0,0,0,0,0,0,0,0,0,56,49,103,0,0,56,49,103,0.9
210710,"PLMN=1,AREA=1,ENB=1028401,cell=0",2018/7/3 8:15,2018/7/3 8:30,0,0,0,0,0,0,0,0,0,0,0,0,0,0,67,56,108,0,0,67,56,108,0.9
217289,"PLMN=1,AREA=1,ENB=1028401,cell=0",2018/7/3 8:30,2018/7/3 8:45,0,0,0,0,0,0,8,0,0,0,0,0,0,0,67,54,95,0,0,67,62,95,0.9
223872,"PLMN=1,AREA=1,ENB=1028401,cell=0",2018/7/3 8:45,2018/7/3 9:00,0,0,0,0,0,0,3,0,0,0,0,0,0,0,108,42,82,0,0,108,45,82,0.9
230455,"PLMN=1,AREA=1,ENB=1028401,cell=0",2018/7/3 9:00,2018/7/3 9:15,0,0,0,0,0,0,0,0,0,0,0,0,0,0,103,58,88,0,0,103,58,88,0.9
237038,"PLMN=1,AREA=1,ENB=1028401,cell=0",2018/7/3 9:15,2018/7/3 9:30,0,0,0,0,0,0,2,0,0,0,0,0,0,0,95,63,67,0,0,95,65,67,0.9
243623,"PLMN=1,AREA=1,ENB=1028401,cell=0",2018/7/3 9:30,2018/7/3 9:45,0,0,0,0,0,0,0,0,0,0,0,0,0,0,100,56,73,0,0,100,56,73,0.9
250204,"PLMN=1,AREA=1,ENB=1028401,cell=0",2018/7/3 9:45,2018/7/3 10:00,0,0,0,0,0,0,1,0,0,0,0,0,0,0,93,60,81,0,0,93,61,81,0.9
256778,"PLMN=1,AREA=1,ENB=1028401,cell=0",2018/7/3 10:00,2018/7/3 10:15,0,0,0,0,0,0,2,0,0,0,0,0,0,0,116,45,69,0,0,116,47,69,0.9
263362,"PLMN=1,AREA=1,ENB=1028401,cell=0",2018/7/3 10:15,2018/7/3 10:30,0,0,0,0,0,0,0,0,0,0,0,0,0,0,105,45,103,0,0,105,45,103,0.9
269946,"PLMN=1,AREA=1,ENB=1028401,cell=0",2018/7/3 10:30,2018/7/3 10:45,0,0,0,0,0,0,0,0,0,0,0,0,0,0,108,73,94,0,0,108,73,94,0.9
276529,"PLMN=1,AREA=1,ENB=1028401,cell=0",2018/7/3 10:45,2018/7/3 11:00,0,0,0,0,0,0,0,0,0,0,0,0,0,0,136,66,96,0,0,136,66,96,0.9
283112,"PLMN=1,AREA=1,ENB=1028401,cell=0",2018/7/3 11:00,2018/7/3 11:15,0,0,0,0,0,0,0,0,0,0,0,0,0,0,132,54,103,0,0,132,54,103,0.9
289703,"PLMN=1,AREA=1,ENB=1028401,cell=0",2018/7/3 11:15,2018/7/3 11:30,0,0,0,0,0,0,3,0,0,0,0,0,0,0,118,77,97,0,0,118,80,97,0.9
296294,"PLMN=1,AREA=1,ENB=1028401,cell=0",2018/7/3 11:30,2018/7/3 11:45,0,0,0,0,0,0,0,0,0,0,0,0,0,0,136,50,108,0,0,136,50,108,0.9
302866,"PLMN=1,AREA=1,ENB=1028401,cell=0",2018/7/3 11:45,2018/7/3 12:00,0,0,0,0,0,0,0,0,0,0,0,0,0,0,134,56,85,0,0,134,56,85,0.9
309435,"PLMN=1,AREA=1,ENB=1028401,cell=0",2018/7/3 12:00,2018/7/3 12:15,0,0,0,0,0,0,0,0,0,0,0,0,0,0,105,72,88,0,0,105,72,88,0.9
316012,"PLMN=1,AREA=1,ENB=1028401,cell=0",2018/7/3 12:15,2018/7/3 12:30,0,0,0,0,0,0,4,0,0,0,0,0,0,0,103,62,102,0,0,103,66,102,0.9
322594,"PLMN=1,AREA=1,ENB=1028401,cell=0",2018/7/3 12:30,2018/7/3 12:45,0,0,0,0,0,0,0,0,0,0,0,0,0,0,79,56,94,0,0,79,56,94,0.9
329182,"PLMN=1,AREA=1,ENB=1028401,cell=0",2018/7/3 12:45,2018/7/3 13:00,0,0,0,0,0,0,1,0,0,0,0,0,0,0,112,40,84,0,0,112,41,84,0.9
335776,"PLMN=1,AREA=1,ENB=1028401,cell=0",2018/7/3 13:00,2018/7/3 13:15,0,0,0,0,0,0,0,0,0,0,0,0,0,0,117,61,82,0,0,117,61,82,0.9
342369,"PLMN=1,AREA=1,ENB=1028401,cell=0",2018/7/3 13:15,2018/7/3 13:30,0,0,0,0,0,0,0,0,0,0,0,0,0,0,106,79,87,0,0,106,79,87,0.9
348960,"PLMN=1,AREA=1,ENB=1028401,cell=0",2018/7/3 13:30,2018/7/3 13:45,0,0,0,0,0,0,3,0,0,0,0,0,0,0,88,61,62,0,0,88,64,62,0.9
355551,"PLMN=1,AREA=1,ENB=1028401,cell=0",2018/7/3 13:45,2018/7/3 14:00,0,0,0,0,0,0,1,0,0,0,0,0,0,0,90,57,64,0,0,90,58,64,0.9
362144,"PLMN=1,AREA=1,ENB=1028401,cell=0",2018/7/3 14:00,2018/7/3 14:15,0,0,0,0,0,0,1,0,0,0,0,0,0,0,101,43,61,0,0,101,44,61,0.9
368733,"PLMN=1,AREA=1,ENB=1028401,cell=0",2018/7/3 14:15,2018/7/3 14:30,0,0,0,0,0,0,0,0,0,0,0,0,0,0,102,54,68,0,0,102,54,68,0.9
375326,"PLMN=1,AREA=1,ENB=1028401,cell=0",2018/7/3 14:30,2018/7/3 14:45,0,0,0,0,0,0,0,0,0,0,0,0,0,0,118,65,77,0,0,118,65,77,0.9
381916,"PLMN=1,AREA=1,ENB=1028401,cell=0",2018/7/3 14:45,2018/7/3 15:00,0,0,0,0,0,0,1,0,0,0,0,0,0,0,103,72,89,0,0,103,73,89,0.9
388502,"PLMN=1,AREA=1,ENB=1028401,cell=0",2018/7/3 15:00,2018/7/3 15:15,0,0,0,0,0,0,0,0,0,0,0,0,0,0,115,79,119,0,0,115,79,119,0.94
395088,"PLMN=1,AREA=1,ENB=1028401,cell=0",2018/7/3 15:15,2018/7/3 15:30,0,0,0,0,0,0,2,0,0,0,0,0,0,0,105,85,121,0,0,105,87,121,0.94
401677,"PLMN=1,AREA=1,ENB=1028401,cell=0",2018/7/3 15:30,2018/7/3 15:45,0,0,0,0,0,0,2,0,0,0,0,0,0,0,102,79,108,0,0,102,80,109,0.9
408263,"PLMN=1,AREA=1,ENB=1028401,cell=0",2018/7/3 15:45,2018/7/3 16:00,0,0,0,0,0,0,0,0,0,0,0,0,0,0,97,79,96,0,0,97,79,96,0.9
414852,"PLMN=1,AREA=1,ENB=1028401,cell=0",2018/7/3 16:00,2018/7/3 16:15,0,0,0,0,0,0,1,0,0,0,0,0,0,0,100,73,88,0,0,100,74,88,0.9
421437,"PLMN=1,AREA=1,ENB=1028401,cell=0",2018/7/3 16:15,2018/7/3 16:30,0,0,0,0,0,0,1,0,0,0,0,0,0,0,74,92,102,0,0,74,93,102,0.9
428026,"PLMN=1,AREA=1,ENB=1028401,cell=0",2018/7/3 16:30,2018/7/3 16:45,0,0,0,0,0,0,2,0,0,0,0,0,0,0,61,107,87,0,0,61,109,87,0.9
434619,"PLMN=1,AREA=1,ENB=1028401,cell=0",2018/7/3 16:45,2018/7/3 17:00,0,0,0,0,0,0,1,0,0,0,0,0,0,0,78,98,72,0,0,78,99,72,0.9
441212,"PLMN=1,AREA=1,ENB=1028401,cell=0",2018/7/3 17:00,2018/7/3 17:15,0,0,0,0,0,0,2,0,0,0,0,0,0,0,65,61,69,0,0,65,63,69,0.9
447787,"PLMN=1,AREA=1,ENB=1028401,cell=0",2018/7/3 17:15,2018/7/3 17:30,0,0,0,0,0,0,1,0,0,0,0,0,0,0,69,52,42,0,0,69,53,42,0.9
454384,"PLMN=1,AREA=1,ENB=1028401,cell=0",2018/7/3 17:30,2018/7/3 17:45,0,0,0,0,0,0,1,0,0,0,0,0,0,0,46,55,71,0,0,46,56,71,0.9
460981,"PLMN=1,AREA=1,ENB=1028401,cell=0",2018/7/3 17:45,2018/7/3 18:00,0,0,0,0,0,0,0,0,0,0,0,0,0,0,50,45,48,0,0,50,45,48,0.9
467576,"PLMN=1,AREA=1,ENB=1028401,cell=0",2018/7/3 18:00,2018/7/3 18:15,0,0,0,0,0,0,1,0,0,0,0,0,0,0,51,47,53,0,0,51,48,53,0.9
474177,"PLMN=1,AREA=1,ENB=1028401,cell=0",2018/7/3 18:15,2018/7/3 18:30,0,0,0,0,0,0,1,0,0,0,0,0,0,0,36,34,63,0,0,36,35,63,0.9
480784,"PLMN=1,AREA=1,ENB=1028401,cell=0",2018/7/3 18:30,2018/7/3 18:45,0,0,0,0,0,0,1,0,0,0,0,0,0,0,55,44,86,0,0,55,44,87,0.9
487394,"PLMN=1,AREA=1,ENB=1028401,cell=0",2018/7/3 18:45,2018/7/3 19:00,0,0,0,0,0,0,2,0,0,0,0,0,0,0,37,33,77,0,0,37,35,77,0.9
493993,"PLMN=1,AREA=1,ENB=1028401,cell=0",2018/7/3 19:00,2018/7/3 19:15,0,0,0,0,0,0,9,0,0,0,0,0,0,0,39,45,65,0,0,39,54,65,0.9
500602,"PLMN=1,AREA=1,ENB=1028401,cell=0",2018/7/3 19:15,2018/7/3 19:30,0,0,0,0,0,0,6,0,0,0,0,0,0,0,60,51,69,0,0,60,57,69,0.9
507211,"PLMN=1,AREA=1,ENB=1028401,cell=0",2018/7/3 19:30,2018/7/3 19:45,0,0,0,0,0,0,0,0,0,0,0,0,0,0,81,56,85,0,0,81,56,85,0.9
513821,"PLMN=1,AREA=1,ENB=1028401,cell=0",2018/7/3 19:45,2018/7/3 20:00,0,0,0,0,0,0,0,0,0,0,0,0,0,0,73,36,71,0,0,73,36,71,0.9
520428,"PLMN=1,AREA=1,ENB=1028401,cell=0",2018/7/3 20:00,2018/7/3 20:15,0,0,0,0,0,0,0,0,0,0,0,0,0,0,76,41,68,0,0,76,41,68,0.9
527040,"PLMN=1,AREA=1,ENB=1028401,cell=0",2018/7/3 20:15,2018/7/3 20:30,0,0,0,0,0,0,0,0,0,0,0,0,0,0,94,42,66,0,0,94,42,66,0.9
533650,"PLMN=1,AREA=1,ENB=1028401,cell=0",2018/7/3 20:30,2018/7/3 20:45,0,0,0,0,0,0,2,0,0,0,0,0,0,0,70,48,65,0,0,70,50,65,0.9
540260,"PLMN=1,AREA=1,ENB=1028401,cell=0",2018/7/3 20:45,2018/7/3 21:00,0,0,0,0,0,0,5,0,0,0,0,0,0,0,48,64,62,0,0,48,69,62,0.9
546867,"PLMN=1,AREA=1,ENB=1028401,cell=0",2018/7/3 21:00,2018/7/3 21:15,0,0,0,0,0,0,0,0,0,0,0,0,0,0,53,65,82,0,0,53,65,82,0.9
553477,"PLMN=1,AREA=1,ENB=1028401,cell=0",2018/7/3 21:15,2018/7/3 21:30,0,0,0,0,0,0,1,0,0,0,0,0,0,0,34,47,110,0,0,34,48,110,0.9
560084,"PLMN=1,AREA=1,ENB=1028401,cell=0",2018/7/3 21:30,2018/7/3 21:45,0,0,0,0,0,0,5,0,0,0,0,0,0,0,72,40,89,0,0,72,45,89,0.9
566693,"PLMN=1,AREA=1,ENB=1028401,cell=0",2018/7/3 21:45,2018/7/3 22:00,0,0,0,0,0,0,0,0,0,0,0,0,0,0,50,45,107,0,0,50,45,107,0.9
573302,"PLMN=1,AREA=1,ENB=1028401,cell=0",2018/7/3 22:00,2018/7/3 22:15,0,0,0,0,0,0,1,0,0,0,0,0,0,0,56,30,79,0,0,56,31,79,0.9
579911,"PLMN=1,AREA=1,ENB=1028401,cell=0",2018/7/3 22:15,2018/7/3 22:30,0,0,0,0,0,0,9,0,0,0,0,0,0,0,50,41,79,0,0,50,50,79,0.9
586520,"PLMN=1,AREA=1,ENB=1028401,cell=0",2018/7/3 22:30,2018/7/3 22:45,0,0,0,0,0,0,1,0,0,0,0,0,0,0,71,30,85,0,0,71,31,85,0.9
593126,"PLMN=1,AREA=1,ENB=1028401,cell=0",2018/7/3 22:45,2018/7/3 23:00,0,0,0,0,0,0,0,0,0,0,0,0,0,0,53,31,56,0,0,53,31,56,0.9
599735,"PLMN=1,AREA=1,ENB=1028401,cell=0",2018/7/3 23:00,2018/7/3 23:15,0,0,0,0,0,0,0,0,0,0,0,0,0,0,70,24,79,0,0,70,24,79,0.9
606341,"PLMN=1,AREA=1,ENB=1028401,cell=0",2018/7/3 23:15,2018/7/3 23:30,0,0,0,0,0,0,0,0,0,0,0,0,0,0,76,30,81,0,0,76,30,81,0.9
612947,"PLMN=1,AREA=1,ENB=1028401,cell=0",2018/7/3 23:30,2018/7/3 23:45,0,0,0,0,0,0,0,0,0,0,0,0,0,0,67,27,61,0,0,67,27,61,0.9
619556,"PLMN=1,AREA=1,ENB=1028401,cell=0",2018/7/3 23:45,2018/7/4,0,0,0,0,0,0,2,0,0,0,0,0,0,0,49,26,67,0,0,49,28,67,0.9
0,"PLMN=1,AREA=1,ENB=1028401,cell=0",2018/7/4,2018/7/4 0:15,0,0,0,0,0,0,0,0,0,0,0,0,0,0,61,17,64,0,0,61,17,64,0.9
6598,"PLMN=1,AREA=1,ENB=1028401,cell=0",2018/7/4 0:15,2018/7/4 0:30,0,0,0,0,0,0,0,0,0,0,0,0,0,0,55,18,51,0,0,55,18,51,0.9
13205,"PLMN=1,AREA=1,ENB=1028401,cell=0",2018/7/4 0:30,2018/7/4 0:45,0,0,0,0,0,0,0,0,0,0,0,0,0,0,46,31,64,0,0,46,31,64,0.9
19811,"PLMN=1,AREA=1,ENB=1028401,cell=0",2018/7/4 0:45,2018/7/4 1:00,0,0,0,0,0,0,0,0,0,0,0,0,0,0,57,22,68,0,0,57,22,68,0.9
26418,"PLMN=1,AREA=1,ENB=1028401,cell=0",2018/7/4 1:00,2018/7/4 1:15,0,0,0,0,0,0,0,0,0,0,0,0,0,0,60,29,77,0,0,60,29,77,0.9
33025,"PLMN=1,AREA=1,ENB=1028401,cell=0",2018/7/4 1:15,2018/7/4 1:30,0,0,0,0,0,0,0,0,0,0,0,0,0,0,55,17,69,0,0,55,17,69,0.9
39617,"PLMN=1,AREA=1,ENB=1028401,cell=0",2018/7/4 1:30,2018/7/4 1:45,0,0,0,0,0,0,1,0,0,0,0,0,0,0,58,16,88,0,0,58,17,88,0.9
46209,"PLMN=1,AREA=1,ENB=1028401,cell=0",2018/7/4 1:45,2018/7/4 2:00,0,0,0,0,0,0,0,0,0,0,0,0,0,0,68,21,82,0,0,68,21,82,0.9
52792,"PLMN=1,AREA=1,ENB=1028401,cell=0",2018/7/4 2:00,2018/7/4 2:15,0,0,0,0,0,0,0,0,0,0,0,0,0,0,48,13,73,0,0,48,13,73,0.9
59381,"PLMN=1,AREA=1,ENB=1028401,cell=0",2018/7/4 2:15,2018/7/4 2:30,0,0,0,0,0,0,0,0,0,0,0,0,0,0,42,15,79,0,0,42,15,79,0.9
65979,"PLMN=1,AREA=1,ENB=1028401,cell=0",2018/7/4 2:30,2018/7/4 2:45,0,0,0,0,0,0,0,0,0,0,0,0,0,0,46,18,82,0,0,46,18,82,0.9
72565,"PLMN=1,AREA=1,ENB=1028401,cell=0",2018/7/4 2:45,2018/7/4 3:00,0,0,0,0,0,0,0,0,0,0,0,0,0,0,31,20,69,0,0,31,20,69,0.9
79142,"PLMN=1,AREA=1,ENB=1028401,cell=0",2018/7/4 3:00,2018/7/4 3:15,0,0,0,0,0,0,0,0,0,0,0,0,0,0,49,14,74,0,0,49,14,74,0.9
85728,"PLMN=1,AREA=1,ENB=1028401,cell=0",2018/7/4 3:15,2018/7/4 3:30,0,0,0,0,0,0,0,0,0,0,0,0,0,0,38,23,74,0,0,38,23,74,0.9
92308,"PLMN=1,AREA=1,ENB=1028401,cell=0",2018/7/4 3:30,2018/7/4 3:45,0,0,0,0,0,0,0,0,0,0,0,0,0,0,50,18,70,0,0,50,18,70,0.9
98891,"PLMN=1,AREA=1,ENB=1028401,cell=0",2018/7/4 3:45,2018/7/4 4:00,0,0,0,0,0,0,0,0,0,0,0,0,0,0,49,22,66,0,0,49,22,66,0.9
105465,"PLMN=1,AREA=1,ENB=1028401,cell=0",2018/7/4 4:00,2018/7/4 4:15,0,0,0,0,0,0,0,0,0,0,0,0,0,0,43,25,72,0,0,43,25,72,0.9
112039,"PLMN=1,AREA=1,ENB=1028401,cell=0",2018/7/4 4:15,2018/7/4 4:30,0,0,0,0,0,0,1,0,0,0,0,0,0,0,40,23,78,0,0,40,24,78,0.9
118634,"PLMN=1,AREA=1,ENB=1028401,cell=0",2018/7/4 4:30,2018/7/4 4:45,0,0,0,0,0,0,0,0,0,0,0,0,0,0,29,30,67,0,0,29,30,67,0.9
125235,"PLMN=1,AREA=1,ENB=1028401,cell=0",2018/7/4 4:45,2018/7/4 5:00,0,0,0,0,0,0,0,0,0,0,0,0,0,0,42,17,74,0,0,42,17,74,0.9
131824,"PLMN=1,AREA=1,ENB=1028401,cell=0",2018/7/4 5:00,2018/7/4 5:15,0,0,0,0,0,0,0,0,0,0,0,0,0,0,38,23,81,0,0,38,23,81,0.9
138413,"PLMN=1,AREA=1,ENB=1028401,cell=0",2018/7/4 5:15,2018/7/4 5:30,0,0,0,0,0,0,0,0,0,0,0,0,0,0,40,39,71,0,0,40,39,71,0.9
145002,"PLMN=1,AREA=1,ENB=1028401,cell=0",2018/7/4 5:30,2018/7/4 5:45,0,0,0,0,0,0,0,0,0,0,0,0,0,0,48,43,77,0,0,48,43,77,0.9
151591,"PLMN=1,AREA=1,ENB=1028401,cell=0",2018/7/4 5:45,2018/7/4 6:00,0,0,0,0,0,0,0,0,0,0,0,0,0,0,53,29,64,0,0,53,29,64,0.9
158180,"PLMN=1,AREA=1,ENB=1028401,cell=0",2018/7/4 6:00,2018/7/4 6:15,0,0,0,0,0,0,0,0,0,0,0,0,0,0,43,26,72,0,0,43,26,72,0.9
164775,"PLMN=1,AREA=1,ENB=1028401,cell=0",2018/7/4 6:15,2018/7/4 6:30,0,0,0,0,0,0,0,0,0,0,0,0,0,0,68,26,71,0,0,68,26,71,0.9
171373,"PLMN=1,AREA=1,ENB=1028401,cell=0",2018/7/4 6:30,2018/7/4 6:45,0,0,0,0,0,0,0,0,0,0,0,0,0,0,59,35,79,0,0,59,35,79,0.9
177971,"PLMN=1,AREA=1,ENB=1028401,cell=0",2018/7/4 6:45,2018/7/4 7:00,0,0,0,0,0,0,0,0,0,0,0,0,0,0,70,36,90,0,0,70,36,90,0.9
184568,"PLMN=1,AREA=1,ENB=1028401,cell=0",2018/7/4 7:00,2018/7/4 7:15,0,0,0,0,0,0,0,0,0,0,0,0,0,0,65,48,79,0,0,65,48,79,0.9
191169,"PLMN=1,AREA=1,ENB=1028401,cell=0",2018/7/4 7:15,2018/7/4 7:30,0,0,0,0,0,0,1,0,0,0,0,0,0,0,66,59,96,0,0,66,60,96,0.9
197766,"PLMN=1,AREA=1,ENB=1028401,cell=0",2018/7/4 7:30,2018/7/4 7:45,0,0,0,0,0,0,0,0,0,0,0,0,0,0,47,63,102,0,0,47,63,102,0.9
204367,"PLMN=1,AREA=1,ENB=1028401,cell=0",2018/7/4 7:45,2018/7/4 8:00,0,0,0,0,0,0,0,0,0,0,0,0,0,0,57,50,95,0,0,57,50,95,0.9
210971,"PLMN=1,AREA=1,ENB=1028401,cell=0",2018/7/4 8:00,2018/7/4 8:15,0,0,0,0,0,0,2,0,0,0,0,0,0,0,70,45,114,0,0,70,47,114,0.9
217575,"PLMN=1,AREA=1,ENB=1028401,cell=0",2018/7/4 8:15,2018/7/4 8:30,0,0,0,0,0,0,0,0,0,0,0,0,0,0,66,46,97,0,0,66,46,97,0.9
224170,"PLMN=1,AREA=1,ENB=1028401,cell=0",2018/7/4 8:30,2018/7/4 8:45,0,0,0,0,0,0,0,0,0,0,0,0,0,0,61,47,100,0,0,61,47,100,0.9
230771,"PLMN=1,AREA=1,ENB=1028401,cell=0",2018/7/4 8:45,2018/7/4 9:00,0,0,0,0,0,0,0,0,0,0,0,0,0,0,73,44,92,0,0,73,44,92,0.9
237349,"PLMN=1,AREA=1,ENB=1028401,cell=0",2018/7/4 9:00,2018/7/4 9:15,0,0,0,0,0,0,3,0,0,0,0,0,0,0,85,75,89,0,0,85,78,89,0.9
243931,"PLMN=1,AREA=1,ENB=1028401,cell=0",2018/7/4 9:15,2018/7/4 9:30,0,0,0,0,0,0,0,0,0,0,0,0,0,0,45,33,68,0,0,45,33,68,0.9
250510,"PLMN=1,AREA=1,ENB=1028401,cell=0",2018/7/4 9:30,2018/7/4 9:45,0,0,0,0,0,0,0,0,0,0,0,0,0,0,63,53,74,0,0,63,53,74,0.9
257086,"PLMN=1,AREA=1,ENB=1028401,cell=0",2018/7/4 9:45,2018/7/4 10:00,0,0,0,0,0,0,2,0,0,0,0,0,0,0,66,75,64,0,0,66,77,64,0.9
263665,"PLMN=1,AREA=1,ENB=1028401,cell=0",2018/7/4 10:00,2018/7/4 10:15,0,0,0,0,0,0,1,0,0,0,0,0,0,0,73,56,81,0,0,73,57,81,0.9
270240,"PLMN=1,AREA=1,ENB=1028401,cell=0",2018/7/4 10:15,2018/7/4 10:30,0,0,0,0,0,0,1,0,0,0,0,0,0,0,60,63,100,0,0,60,64,100,0.9
276819,"PLMN=1,AREA=1,ENB=1028401,cell=0",2018/7/4 10:30,2018/7/4 10:45,0,0,0,0,0,0,1,0,0,0,0,0,0,0,75,64,98,0,0,75,65,98,0.9
283398,"PLMN=1,AREA=1,ENB=1028401,cell=0",2018/7/4 10:45,2018/7/4 11:00,0,0,0,0,0,0,0,0,0,0,0,0,0,0,68,42,80,0,0,68,42,80,0.9
289976,"PLMN=1,AREA=1,ENB=1028401,cell=0",2018/7/4 11:00,2018/7/4 11:15,0,0,0,0,0,0,0,0,0,0,0,0,0,0,99,47,103,0,0,99,47,103,0.9
296553,"PLMN=1,AREA=1,ENB=1028401,cell=0",2018/7/4 11:15,2018/7/4 11:30,0,0,0,0,0,0,2,0,0,0,0,0,0,0,91,49,96,0,0,91,51,96,0.9
303133,"PLMN=1,AREA=1,ENB=1028401,cell=0",2018/7/4 11:30,2018/7/4 11:45,0,0,0,0,0,0,1,0,0,0,0,0,0,0,78,67,105,0,0,78,68,105,0.9
309715,"PLMN=1,AREA=1,ENB=1028401,cell=0",2018/7/4 11:45,2018/7/4 12:00,0,0,0,0,0,0,1,0,0,0,0,0,0,0,80,56,74,0,0,80,57,74,0.9
316297,"PLMN=1,AREA=1,ENB=1028401,cell=0",2018/7/4 12:00,2018/7/4 12:15,0,0,0,0,0,0,1,0,0,0,0,0,0,0,51,42,87,0,0,51,42,88,0.9
322882,"PLMN=1,AREA=1,ENB=1028401,cell=0",2018/7/4 12:15,2018/7/4 12:30,0,0,0,0,0,0,0,0,0,0,0,0,0,0,51,53,77,0,0,51,53,77,0.9
329464,"PLMN=1,AREA=1,ENB=1028401,cell=0",2018/7/4 12:30,2018/7/4 12:45,0,0,0,0,0,0,0,0,0,0,0,0,0,0,57,65,93,0,0,57,65,93,0.9
336046,"PLMN=1,AREA=1,ENB=1028401,cell=0",2018/7/4 12:45,2018/7/4 13:00,0,0,0,0,0,0,1,0,0,0,0,0,0,0,79,45,104,0,0,79,46,104,0.9
342628,"PLMN=1,AREA=1,ENB=1028401,cell=0",2018/7/4 13:00,2018/7/4 13:15,0,0,0,0,0,0,1,0,0,0,0,0,0,0,89,63,122,0,0,89,64,122,0.9
349206,"PLMN=1,AREA=1,ENB=1028401,cell=0",2018/7/4 13:15,2018/7/4 13:30,0,0,0,0,0,0,0,0,0,0,0,0,0,0,83,51,93,0,0,83,51,93,0.9
355785,"PLMN=1,AREA=1,ENB=1028401,cell=0",2018/7/4 13:30,2018/7/4 13:45,0,0,0,0,0,0,0,0,0,0,0,0,0,0,80,68,114,0,0,80,68,114,0.9
362366,"PLMN=1,AREA=1,ENB=1028401,cell=0",2018/7/4 13:45,2018/7/4 14:00,0,0,0,0,0,0,0,0,0,0,0,0,0,0,67,47,105,0,0,67,47,105,0.9
368948,"PLMN=1,AREA=1,ENB=1028401,cell=0",2018/7/4 14:00,2018/7/4 14:15,0,0,0,0,0,0,2,0,0,0,0,0,0,0,88,72,122,0,0,88,74,122,0.9
375530,"PLMN=1,AREA=1,ENB=1028401,cell=0",2018/7/4 14:15,2018/7/4 14:30,0,0,0,0,0,0,0,0,0,0,0,0,0,0,85,75,95,0,0,85,75,95,0.9
382116,"PLMN=1,AREA=1,ENB=1028401,cell=0",2018/7/4 14:30,2018/7/4 14:45,0,0,0,0,0,0,0,0,0,0,0,0,0,0,108,70,107,0,0,108,70,107,0.9
388705,"PLMN=1,AREA=1,ENB=1028401,cell=0",2018/7/4 14:45,2018/7/4 15:00,0,0,0,0,0,0,1,0,0,0,0,0,0,0,108,78,107,0,0,108,79,107,0.9
395294,"PLMN=1,AREA=1,ENB=1028401,cell=0",2018/7/4 15:00,2018/7/4 15:15,0,0,0,0,0,0,0,0,0,0,0,0,0,0,79,52,96,0,0,79,52,96,0.9
401880,"PLMN=1,AREA=1,ENB=1028401,cell=0",2018/7/4 15:15,2018/7/4 15:30,0,0,0,0,0,0,4,0,0,0,0,0,0,0,59,66,80,0,0,59,70,80,0.9
408468,"PLMN=1,AREA=1,ENB=1028401,cell=0",2018/7/4 15:30,2018/7/4 15:45,0,0,0,0,0,0,0,0,0,0,0,0,0,0,49,76,67,0,0,49,76,67,0.9
415054,"PLMN=1,AREA=1,ENB=1028401,cell=0",2018/7/4 15:45,2018/7/4 16:00,0,0,0,0,0,0,0,0,0,0,0,0,0,0,60,74,78,0,0,60,74,78,0.9
421643,"PLMN=1,AREA=1,ENB=1028401,cell=0",2018/7/4 16:00,2018/7/4 16:15,0,0,0,0,0,0,0,0,0,0,0,0,0,0,61,43,83,0,0,61,43,83,0.9
428232,"PLMN=1,AREA=1,ENB=1028401,cell=0",2018/7/4 16:15,2018/7/4 16:30,0,0,0,0,0,0,1,0,0,0,0,0,0,0,64,37,92,0,0,64,38,92,0.9
434833,"PLMN=1,AREA=1,ENB=1028401,cell=0",2018/7/4 16:30,2018/7/4 16:45,0,0,0,0,0,0,0,0,0,0,0,0,0,0,64,63,111,0,0,64,63,111,0.9
441434,"PLMN=1,AREA=1,ENB=1028401,cell=0",2018/7/4 16:45,2018/7/4 17:00,0,0,0,0,0,0,0,0,0,0,0,0,0,0,64,66,90,0,0,64,66,90,0.9
448035,"PLMN=1,AREA=1,ENB=1028401,cell=0",2018/7/4 17:00,2018/7/4 17:15,0,0,0,0,0,0,0,0,0,0,0,0,0,0,86,60,104,0,0,86,60,104,0.9
454636,"PLMN=1,AREA=1,ENB=1028401,cell=0",2018/7/4 17:15,2018/7/4 17:30,0,0,0,0,0,0,0,0,0,0,0,0,0,0,53,50,113,0,0,53,50,113,0.9
461234,"PLMN=1,AREA=1,ENB=1028401,cell=0",2018/7/4 17:30,2018/7/4 17:45,0,0,0,0,0,0,3,0,0,0,0,0,0,0,65,102,113,0,0,65,105,113,0.9
467815,"PLMN=1,AREA=1,ENB=1028401,cell=0",2018/7/4 17:45,2018/7/4 18:00,0,0,0,0,0,0,2,0,0,0,0,0,0,0,108,79,121,0,0,108,81,121,0.94
474415,"PLMN=1,AREA=1,ENB=1028401,cell=0",2018/7/4 18:00,2018/7/4 18:15,0,0,0,0,0,0,2,0,0,0,0,0,0,0,88,59,91,0,0,88,61,91,0.9
481008,"PLMN=1,AREA=1,ENB=1028401,cell=0",2018/7/4 18:15,2018/7/4 18:30,0,0,0,0,0,0,0,0,0,0,0,0,0,0,88,83,117,0,0,88,83,117,0.9
487606,"PLMN=1,AREA=1,ENB=1028401,cell=0",2018/7/4 18:30,2018/7/4 18:45,0,0,0,0,0,0,0,0,0,0,0,0,0,0,85,63,119,0,0,85,63,119,0.9
494209,"PLMN=1,AREA=1,ENB=1028401,cell=0",2018/7/4 18:45,2018/7/4 19:00,0,0,0,0,0,0,0,0,0,0,0,0,0,0,86,62,86,0,0,86,62,86,0.9
500812,"PLMN=1,AREA=1,ENB=1028401,cell=0",2018/7/4 19:00,2018/7/4 19:15,0,0,0,0,0,0,1,0,0,0,0,0,0,0,141,65,86,0,0,141,66,86,0.9
507410,"PLMN=1,AREA=1,ENB=1028401,cell=0",2018/7/4 19:15,2018/7/4 19:30,0,0,0,0,0,0,0,0,0,0,0,0,0,0,81,77,89,0,0,81,77,89,0.9
514008,"PLMN=1,AREA=1,ENB=1028401,cell=0",2018/7/4 19:30,2018/7/4 19:45,0,0,0,0,0,0,0,0,0,0,0,0,0,0,80,69,99,0,0,80,69,99,0.9
520603,"PLMN=1,AREA=1,ENB=1028401,cell=0",2018/7/4 19:45,2018/7/4 20:00,0,0,0,0,0,0,0,0,0,0,0,0,0,0,80,56,77,0,0,80,56,77,0.9
527201,"PLMN=1,AREA=1,ENB=1028401,cell=0",2018/7/4 20:00,2018/7/4 20:15,0,0,0,0,0,0,0,0,0,0,0,0,0,0,55,65,72,0,0,55,65,72,0.9
533802,"PLMN=1,AREA=1,ENB=1028401,cell=0",2018/7/4 20:15,2018/7/4 20:30,0,0,0,0,0,0,3,0,0,0,0,0,0,0,48,43,59,0,0,48,44,61,0.9
540397,"PLMN=1,AREA=1,ENB=1028401,cell=0",2018/7/4 20:30,2018/7/4 20:45,0,0,0,0,0,0,0,0,0,0,0,0,0,0,74,40,61,0,0,74,40,61,0.9
546995,"PLMN=1,AREA=1,ENB=1028401,cell=0",2018/7/4 20:45,2018/7/4 21:00,0,0,0,0,0,0,0,0,0,0,0,0,0,0,78,31,77,0,0,78,31,77,0.9
553593,"PLMN=1,AREA=1,ENB=1028401,cell=0",2018/7/4 21:00,2018/7/4 21:15,0,0,0,0,0,0,0,0,0,0,0,0,0,0,58,65,92,0,0,58,65,92,0.9
560193,"PLMN=1,AREA=1,ENB=1028401,cell=0",2018/7/4 21:15,2018/7/4 21:30,0,0,0,0,0,0,0,0,0,0,0,0,0,0,60,45,86,0,0,60,45,86,0.9
566796,"PLMN=1,AREA=1,ENB=1028401,cell=0",2018/7/4 21:30,2018/7/4 21:45,0,0,0,0,0,0,0,0,0,0,0,0,0,0,41,31,79,0,0,41,31,79,0.9
573391,"PLMN=1,AREA=1,ENB=1028401,cell=0",2018/7/4 21:45,2018/7/4 22:00,0,0,0,0,0,0,1,0,0,0,0,0,0,0,59,40,65,0,0,59,41,65,0.9
579995,"PLMN=1,AREA=1,ENB=1028401,cell=0",2018/7/4 22:00,2018/7/4 22:15,0,0,0,0,0,0,0,0,0,0,0,0,0,0,59,32,72,0,0,59,32,72,0.9
586614,"PLMN=1,AREA=1,ENB=1028401,cell=0",2018/7/4 22:15,2018/7/4 22:30,0,0,0,0,0,0,1,0,0,0,0,0,0,0,35,39,72,0,0,35,40,72,0.9
593238,"PLMN=1,AREA=1,ENB=1028401,cell=0",2018/7/4 22:30,2018/7/4 22:45,0,0,0,0,0,0,1,0,0,0,0,0,0,0,22,22,71,0,0,22,23,71,0.9
599862,"PLMN=1,AREA=1,ENB=1028401,cell=0",2018/7/4 22:45,2018/7/4 23:00,0,0,0,0,0,0,0,0,0,0,0,0,0,0,30,61,67,0,0,30,61,67,0.9
606486,"PLMN=1,AREA=1,ENB=1028401,cell=0",2018/7/4 23:00,2018/7/4 23:15,0,0,0,0,0,0,1,0,0,0,0,0,0,0,33,37,70,0,0,33,38,70,0.9
613107,"PLMN=1,AREA=1,ENB=1028401,cell=0",2018/7/4 23:15,2018/7/4 23:30,0,0,0,0,0,0,0,0,0,0,0,0,0,0,23,24,93,0,0,23,24,93,0.9
619728,"PLMN=1,AREA=1,ENB=1028401,cell=0",2018/7/4 23:30,2018/7/4 23:45,0,0,0,0,0,0,0,0,0,0,0,0,0,0,29,33,75,0,0,29,33,75,0.9
626352,"PLMN=1,AREA=1,ENB=1028401,cell=0",2018/7/4 23:45,2018/7/5,0,0,0,0,0,0,0,0,0,0,0,0,0,0,23,39,56,0,0,23,39,56,0.9
0,"PLMN=1,AREA=1,ENB=1028401,cell=0",2018/7/5,2018/7/5 0:15,0,0,0,0,0,0,0,0,0,0,0,0,0,0,25,26,77,0,0,25,26,77,0.9
6624,"PLMN=1,AREA=1,ENB=1028401,cell=0",2018/7/5 0:15,2018/7/5 0:30,0,0,0,0,0,0,1,0,0,0,0,0,0,0,34,17,92,0,0,34,18,92,0.9
13248,"PLMN=1,AREA=1,ENB=1028401,cell=0",2018/7/5 0:30,2018/7/5 0:45,0,0,0,0,0,0,0,0,0,0,0,0,0,0,32,21,87,0,0,32,21,87,0.9
19860,"PLMN=1,AREA=1,ENB=1028401,cell=0",2018/7/5 0:45,2018/7/5 1:00,0,0,0,0,0,0,1,0,0,0,0,0,0,0,34,24,66,0,0,34,25,66,0.9
26764,"PLMN=1,AREA=1,ENB=1028401,cell=0",2018/7/5 1:15,2018/7/5 1:30,0,0,0,0,0,0,0,0,0,0,0,0,0,0,36,8,53,0,0,36,8,53,0.9
33375,"PLMN=1,AREA=1,ENB=1028401,cell=0",2018/7/5 1:30,2018/7/5 1:45,0,0,0,0,0,0,0,0,0,0,0,0,0,0,23,14,65,0,0,23,14,65,0.9
39987,"PLMN=1,AREA=1,ENB=1028401,cell=0",2018/7/5 1:45,2018/7/5 2:00,0,0,0,0,0,0,0,0,0,0,0,0,0,0,18,24,85,0,0,18,24,85,0.9
46602,"PLMN=1,AREA=1,ENB=1028401,cell=0",2018/7/5 2:00,2018/7/5 2:15,0,0,0,0,0,0,0,0,0,0,0,0,0,0,29,13,76,0,0,29,13,76,0.9
53210,"PLMN=1,AREA=1,ENB=1028401,cell=0",2018/7/5 2:15,2018/7/5 2:30,0,0,0,0,0,0,0,0,0,0,0,0,0,0,18,12,55,0,0,18,12,55,0.9
59804,"PLMN=1,AREA=1,ENB=1028401,cell=0",2018/7/5 2:30,2018/7/5 2:45,0,0,0,0,0,0,1,0,0,0,0,0,0,0,27,11,68,0,0,27,12,68,0.9
66398,"PLMN=1,AREA=1,ENB=1028401,cell=0",2018/7/5 2:45,2018/7/5 3:00,0,0,0,0,0,0,0,0,0,0,0,0,0,0,35,17,68,0,0,35,17,68,0.9
72982,"PLMN=1,AREA=1,ENB=1028401,cell=0",2018/7/5 3:00,2018/7/5 3:15,0,0,0,0,0,0,0,0,0,0,0,0,0,0,32,19,76,0,0,32,19,76,0.9
79585,"PLMN=1,AREA=1,ENB=1028401,cell=0",2018/7/5 3:15,2018/7/5 3:30,0,0,0,0,0,0,0,0,0,0,0,0,0,0,38,26,57,0,0,38,26,57,0.9
86191,"PLMN=1,AREA=1,ENB=1028401,cell=0",2018/7/5 3:30,2018/7/5 3:45,0,0,0,0,0,0,0,0,0,0,0,0,0,0,26,19,79,0,0,26,19,79,0.9
92779,"PLMN=1,AREA=1,ENB=1028401,cell=0",2018/7/5 3:45,2018/7/5 4:00,0,0,0,0,0,0,0,0,0,0,0,0,0,0,26,12,73,0,0,26,12,73,0.9
99366,"PLMN=1,AREA=1,ENB=1028401,cell=0",2018/7/5 4:00,2018/7/5 4:15,0,0,0,0,0,0,0,0,0,0,0,0,0,0,21,14,52,0,0,21,14,52,0.9
105938,"PLMN=1,AREA=1,ENB=1028401,cell=0",2018/7/5 4:15,2018/7/5 4:30,0,0,0,0,0,0,0,0,0,0,0,0,0,0,28,14,74,0,0,28,14,74,0.9
112504,"PLMN=1,AREA=1,ENB=1028401,cell=0",2018/7/5 4:30,2018/7/5 4:45,0,0,0,0,0,0,0,0,0,0,0,0,0,0,26,10,67,0,0,26,10,67,0.9
119072,"PLMN=1,AREA=1,ENB=1028401,cell=0",2018/7/5 4:45,2018/7/5 5:00,0,0,0,0,0,0,0,0,0,0,0,0,0,0,35,20,62,0,0,35,20,62,0.9
125637,"PLMN=1,AREA=1,ENB=1028401,cell=0",2018/7/5 5:00,2018/7/5 5:15,0,0,0,0,0,0,0,0,0,0,0,0,0,0,36,19,68,0,0,36,19,68,0.9
132214,"PLMN=1,AREA=1,ENB=1028401,cell=0",2018/7/5 5:15,2018/7/5 5:30,0,0,0,0,0,0,1,0,0,0,0,0,0,0,24,15,77,0,0,24,16,77,0.9
138800,"PLMN=1,AREA=1,ENB=1028401,cell=0",2018/7/5 5:30,2018/7/5 5:45,0,0,0,0,0,0,1,0,0,0,0,0,0,0,26,14,77,0,0,26,14,78,0.9
145386,"PLMN=1,AREA=1,ENB=1028401,cell=0",2018/7/5 5:45,2018/7/5 6:00,0,0,0,0,0,0,0,0,0,0,0,0,0,0,32,21,65,0,0,32,21,65,0.9
151972,"PLMN=1,AREA=1,ENB=1028401,cell=0",2018/7/5 6:00,2018/7/5 6:15,0,0,0,0,0,0,0,0,0,0,0,0,0,0,46,29,74,0,0,46,29,74,0.9
158558,"PLMN=1,AREA=1,ENB=1028401,cell=0",2018/7/5 6:15,2018/7/5 6:30,0,0,0,0,0,0,0,0,0,0,0,0,0,0,44,22,72,0,0,44,22,72,0.9
165138,"PLMN=1,AREA=1,ENB=1028401,cell=0",2018/7/5 6:30,2018/7/5 6:45,0,0,0,0,0,0,1,0,0,0,0,0,0,0,40,42,81,0,0,40,43,81,0.9
171709,"PLMN=1,AREA=1,ENB=1028401,cell=0",2018/7/5 6:45,2018/7/5 7:00,0,0,0,0,0,0,0,0,0,0,0,0,0,0,46,39,92,0,0,46,39,92,0.9
178287,"PLMN=1,AREA=1,ENB=1028401,cell=0",2018/7/5 7:00,2018/7/5 7:15,0,0,0,0,0,0,0,0,0,0,0,0,0,0,62,43,80,0,0,62,43,80,0.9
184871,"PLMN=1,AREA=1,ENB=1028401,cell=0",2018/7/5 7:15,2018/7/5 7:30,0,0,0,0,0,0,0,0,0,0,0,0,0,0,48,29,68,0,0,48,29,68,0.9
191453,"PLMN=1,AREA=1,ENB=1028401,cell=0",2018/7/5 7:30,2018/7/5 7:45,0,0,0,0,0,0,0,0,0,0,0,0,0,0,55,38,90,0,0,55,38,90,0.9
198038,"PLMN=1,AREA=1,ENB=1028401,cell=0",2018/7/5 7:45,2018/7/5 8:00,0,0,0,0,0,0,0,0,0,0,0,0,0,0,53,38,85,0,0,53,38,85,0.9
204625,"PLMN=1,AREA=1,ENB=1028401,cell=0",2018/7/5 8:00,2018/7/5 8:15,0,0,0,0,0,0,0,0,0,0,0,0,0,0,67,31,70,0,0,67,31,70,0.9
211218,"PLMN=1,AREA=1,ENB=1028401,cell=0",2018/7/5 8:15,2018/7/5 8:30,0,0,0,0,0,0,0,0,0,0,0,0,0,0,42,30,57,0,0,42,30,57,0.9
217811,"PLMN=1,AREA=1,ENB=1028401,cell=0",2018/7/5 8:30,2018/7/5 8:45,0,0,0,0,0,0,0,0,0,0,0,0,0,0,44,38,55,0,0,44,38,55,0.9
224404,"PLMN=1,AREA=1,ENB=1028401,cell=0",2018/7/5 8:45,2018/7/5 9:00,0,0,0,0,0,0,0,0,0,0,0,0,0,0,53,49,67,0,0,53,49,67,0.9
230997,"PLMN=1,AREA=1,ENB=1028401,cell=0",2018/7/5 9:00,2018/7/5 9:15,0,0,0,0,0,0,0,0,0,0,0,0,0,0,55,39,62,0,0,55,39,62,0.9
237587,"PLMN=1,AREA=1,ENB=1028401,cell=0",2018/7/5 9:15,2018/7/5 9:30,0,0,0,0,0,0,1,0,0,0,0,0,0,0,54,47,73,0,0,54,48,73,0.9
244179,"PLMN=1,AREA=1,ENB=1028401,cell=0",2018/7/5 9:30,2018/7/5 9:45,0,0,0,0,0,0,0,0,0,0,0,0,0,0,47,61,68,0,0,47,61,68,0.9
250768,"PLMN=1,AREA=1,ENB=1028401,cell=0",2018/7/5 9:45,2018/7/5 10:00,0,0,0,0,0,0,0,0,0,0,0,0,0,0,90,64,63,0,0,90,64,63,0.9
257373,"PLMN=1,AREA=1,ENB=1028401,cell=0",2018/7/5 10:00,2018/7/5 10:15,0,0,0,0,0,0,1,0,0,0,0,0,0,0,66,60,72,0,0,66,60,73,0.9
263969,"PLMN=1,AREA=1,ENB=1028401,cell=0",2018/7/5 10:15,2018/7/5 10:30,0,0,0,0,0,0,0,0,0,0,0,0,0,0,48,50,70,0,0,48,50,70,0.9
270567,"PLMN=1,AREA=1,ENB=1028401,cell=0",2018/7/5 10:30,2018/7/5 10:45,0,0,0,0,0,0,0,0,0,0,0,0,0,0,36,59,61,0,0,36,59,61,0.9
277151,"PLMN=1,AREA=1,ENB=1028401,cell=0",2018/7/5 10:45,2018/7/5 11:00,0,0,0,0,0,0,1,0,0,0,0,0,0,0,70,68,66,0,0,70,69,66,0.9
283743,"PLMN=1,AREA=1,ENB=1028401,cell=0",2018/7/5 11:00,2018/7/5 11:15,0,0,0,0,0,0,1,0,0,0,0,0,0,0,74,57,86,0,0,74,57,87,0.9
290337,"PLMN=1,AREA=1,ENB=1028401,cell=0",2018/7/5 11:15,2018/7/5 11:30,0,0,0,0,0,0,1,0,0,0,0,0,0,0,55,81,69,0,0,55,82,69,0.9
296913,"PLMN=1,AREA=1,ENB=1028401,cell=0",2018/7/5 11:30,2018/7/5 11:45,0,0,0,0,0,0,0,0,0,0,0,0,0,0,62,76,87,0,0,62,76,87,0.9
303517,"PLMN=1,AREA=1,ENB=1028401,cell=0",2018/7/5 11:45,2018/7/5 12:00,0,0,0,0,0,0,1,0,0,0,0,0,0,0,106,73,92,0,0,106,74,92,0.9
310123,"PLMN=1,AREA=1,ENB=1028401,cell=0",2018/7/5 12:00,2018/7/5 12:15,0,0,0,0,0,0,4,0,0,0,0,0,0,0,71,52,77,0,0,71,56,77,0.9
316711,"PLMN=1,AREA=1,ENB=1028401,cell=0",2018/7/5 12:15,2018/7/5 12:30,0,0,0,0,0,0,0,0,0,0,0,0,0,0,60,53,71,0,0,60,53,71,0.9
323297,"PLMN=1,AREA=1,ENB=1028401,cell=0",2018/7/5 12:30,2018/7/5 12:45,0,0,0,0,0,0,0,0,0,0,0,0,0,0,51,86,84,0,0,51,86,84,0.9
329897,"PLMN=1,AREA=1,ENB=1028401,cell=0",2018/7/5 12:45,2018/7/5 13:00,0,0,0,0,0,0,0,0,0,0,0,0,0,0,55,55,79,0,0,55,55,79,0.9
336488,"PLMN=1,AREA=1,ENB=1028401,cell=0",2018/7/5 13:00,2018/7/5 13:15,0,0,0,0,0,0,1,0,0,0,0,0,0,0,66,53,95,0,0,66,54,95,0.9
343091,"PLMN=1,AREA=1,ENB=1028401,cell=0",2018/7/5 13:15,2018/7/5 13:30,0,0,0,0,0,0,0,0,0,0,0,0,0,0,80,58,81,0,0,80,58,81,0.9
349679,"PLMN=1,AREA=1,ENB=1028401,cell=0",2018/7/5 13:30,2018/7/5 13:45,0,0,0,0,0,0,1,0,0,0,0,0,0,0,65,50,83,0,0,65,51,83,0.9
356270,"PLMN=1,AREA=1,ENB=1028401,cell=0",2018/7/5 13:45,2018/7/5 14:00,0,0,0,0,0,0,0,0,0,0,0,0,0,0,59,54,85,0,0,59,54,85,0.9
362859,"PLMN=1,AREA=1,ENB=1028401,cell=0",2018/7/5 14:00,2018/7/5 14:15,0,0,0,0,0,0,0,0,0,0,0,0,0,0,59,59,73,0,0,59,59,73,0.9
369447,"PLMN=1,AREA=1,ENB=1028401,cell=0",2018/7/5 14:15,2018/7/5 14:30,0,0,0,0,0,0,0,0,0,0,0,0,0,0,69,48,64,0,0,69,48,64,0.9
376039,"PLMN=1,AREA=1,ENB=1028401,cell=0",2018/7/5 14:30,2018/7/5 14:45,0,0,0,0,0,0,0,0,0,0,0,0,0,0,80,62,97,0,0,80,62,97,0.9
382628,"PLMN=1,AREA=1,ENB=1028401,cell=0",2018/7/5 14:45,2018/7/5 15:00,0,0,0,0,0,0,0,0,0,0,0,0,0,0,70,54,72,0,0,70,54,72,0.9
389221,"PLMN=1,AREA=1,ENB=1028401,cell=0",2018/7/5 15:00,2018/7/5 15:15,0,0,0,0,0,0,0,0,0,0,0,0,0,0,67,54,70,0,0,67,54,70,0.9
395804,"PLMN=1,AREA=1,ENB=1028401,cell=0",2018/7/5 15:15,2018/7/5 15:30,0,0,0,0,0,0,1,0,0,0,0,0,0,0,97,60,64,0,0,97,61,64,0.9
402394,"PLMN=1,AREA=1,ENB=1028401,cell=0",2018/7/5 15:30,2018/7/5 15:45,0,0,0,0,0,0,0,0,0,0,0,0,0,0,70,68,71,0,0,70,68,71,0.9
408980,"PLMN=1,AREA=1,ENB=1028401,cell=0",2018/7/5 15:45,2018/7/5 16:00,0,0,0,0,0,0,1,0,0,0,0,0,0,0,65,84,67,0,0,65,85,67,0.9
415572,"PLMN=1,AREA=1,ENB=1028401,cell=0",2018/7/5 16:00,2018/7/5 16:15,0,0,0,0,0,0,2,0,0,0,0,0,0,0,81,81,68,0,0,81,83,68,0.9
422179,"PLMN=1,AREA=1,ENB=1028401,cell=0",2018/7/5 16:15,2018/7/5 16:30,0,0,0,0,0,0,2,0,0,0,0,0,0,0,59,54,59,0,0,59,56,59,0.9
428790,"PLMN=1,AREA=1,ENB=1028401,cell=0",2018/7/5 16:30,2018/7/5 16:45,0,0,0,0,0,0,0,0,0,0,0,0,0,0,44,46,52,0,0,44,46,52,0.9
435401,"PLMN=1,AREA=1,ENB=1028401,cell=0",2018/7/5 16:45,2018/7/5 17:00,0,0,0,0,0,0,0,0,0,0,0,0,0,0,56,51,60,0,0,56,51,60,0.9
442010,"PLMN=1,AREA=1,ENB=1028401,cell=0",2018/7/5 17:00,2018/7/5 17:15,0,0,0,0,0,0,0,0,0,0,0,0,0,0,71,89,69,0,0,71,89,69,0.9
448621,"PLMN=1,AREA=1,ENB=1028401,cell=0",2018/7/5 17:15,2018/7/5 17:30,0,0,0,0,0,0,0,0,0,0,0,0,0,0,73,100,84,0,0,73,100,84,0.9
455233,"PLMN=1,AREA=1,ENB=1028401,cell=0",2018/7/5 17:30,2018/7/5 17:45,0,0,0,0,0,0,3,0,0,0,0,0,0,0,52,70,65,0,0,52,72,66,0.9
461845,"PLMN=1,AREA=1,ENB=1028401,cell=0",2018/7/5 17:45,2018/7/5 18:00,0,0,0,0,0,0,1,0,0,0,0,0,0,0,57,68,61,0,0,57,69,61,0.9
468458,"PLMN=1,AREA=1,ENB=1028401,cell=0",2018/7/5 18:00,2018/7/5 18:15,0,0,0,0,0,0,1,0,0,0,0,0,0,0,87,68,66,0,0,87,69,66,0.9
475066,"PLMN=1,AREA=1,ENB=1028401,cell=0",2018/7/5 18:15,2018/7/5 18:30,0,0,0,0,0,0,0,0,0,0,0,0,0,0,92,66,111,0,0,92,66,111,0.9
481676,"PLMN=1,AREA=1,ENB=1028401,cell=0",2018/7/5 18:30,2018/7/5 18:45,0,0,0,0,0,0,1,0,0,0,0,0,0,0,93,95,106,0,0,93,96,106,0.9
488281,"PLMN=1,AREA=1,ENB=1028401,cell=0",2018/7/5 18:45,2018/7/5 19:00,0,0,0,0,0,0,0,0,0,0,0,0,0,0,78,109,78,0,0,78,109,78,0.9
494886,"PLMN=1,AREA=1,ENB=1028401,cell=0",2018/7/5 19:00,2018/7/5 19:15,0,0,0,0,0,0,0,0,0,0,0,0,0,0,77,100,65,0,0,77,100,65,0.9
501494,"PLMN=1,AREA=1,ENB=1028401,cell=0",2018/7/5 19:15,2018/7/5 19:30,0,0,0,0,0,0,1,0,0,0,0,0,0,0,78,56,69,0,0,78,57,69,0.9
508106,"PLMN=1,AREA=1,ENB=1028401,cell=0",2018/7/5 19:30,2018/7/5 19:45,0,0,0,0,0,0,0,0,0,0,0,0,0,0,71,75,72,0,0,71,75,72,0.9
514721,"PLMN=1,AREA=1,ENB=1028401,cell=0",2018/7/5 19:45,2018/7/5 20:00,0,0,0,0,0,0,6,0,0,0,0,0,0,0,74,73,86,0,0,74,79,86,0.9
521334,"PLMN=1,AREA=1,ENB=1028401,cell=0",2018/7/5 20:00,2018/7/5 20:15,0,0,0,0,0,0,0,0,0,0,0,0,0,0,82,49,79,0,0,82,49,79,0.9
527948,"PLMN=1,AREA=1,ENB=1028401,cell=0",2018/7/5 20:15,2018/7/5 20:30,0,0,0,0,0,0,1,0,0,0,0,0,0,0,87,68,64,0,0,87,68,65,0.9
534559,"PLMN=1,AREA=1,ENB=1028401,cell=0",2018/7/5 20:30,2018/7/5 20:45,0,0,0,0,0,0,1,0,0,0,0,0,0,0,60,47,63,0,0,60,48,63,0.9
541173,"PLMN=1,AREA=1,ENB=1028401,cell=0",2018/7/5 20:45,2018/7/5 21:00,0,0,0,0,0,0,0,0,0,0,0,0,0,0,44,47,66,0,0,44,47,66,0.9
547787,"PLMN=1,AREA=1,ENB=1028401,cell=0",2018/7/5 21:00,2018/7/5 21:15,0,0,0,0,0,0,3,0,0,0,0,0,0,0,50,54,84,0,0,50,57,84,0.9
554394,"PLMN=1,AREA=1,ENB=1028401,cell=0",2018/7/5 21:15,2018/7/5 21:30,0,0,0,0,0,0,1,0,0,0,0,0,0,0,51,42,60,0,0,51,43,60,0.9
561002,"PLMN=1,AREA=1,ENB=1028401,cell=0",2018/7/5 21:30,2018/7/5 21:45,0,0,0,0,0,0,0,0,0,0,0,0,0,0,38,43,74,0,0,38,43,74,0.9
567607,"PLMN=1,AREA=1,ENB=1028401,cell=0",2018/7/5 21:45,2018/7/5 22:00,0,0,0,0,0,0,1,0,0,0,0,0,0,0,65,38,74,0,0,65,39,74,0.9
574215,"PLMN=1,AREA=1,ENB=1028401,cell=0",2018/7/5 22:00,2018/7/5 22:15,0,0,0,0,0,0,0,0,0,0,0,0,0,0,87,32,82,0,0,87,32,82,0.9
580817,"PLMN=1,AREA=1,ENB=1028401,cell=0",2018/7/5 22:15,2018/7/5 22:30,0,0,0,0,0,0,0,0,0,0,0,0,0,0,105,35,82,0,0,105,35,82,0.9
587422,"PLMN=1,AREA=1,ENB=1028401,cell=0",2018/7/5 22:30,2018/7/5 22:45,0,0,0,0,0,0,1,0,0,0,0,0,0,0,67,44,71,0,0,67,45,71,0.9
594024,"PLMN=1,AREA=1,ENB=1028401,cell=0",2018/7/5 22:45,2018/7/5 23:00,0,0,0,0,0,0,0,0,0,0,0,0,0,0,72,20,67,0,0,72,20,67,0.9
600629,"PLMN=1,AREA=1,ENB=1028401,cell=0",2018/7/5 23:00,2018/7/5 23:15,0,0,0,0,0,0,0,0,0,0,0,0,0,0,46,19,71,0,0,46,19,71,0.9
607234,"PLMN=1,AREA=1,ENB=1028401,cell=0",2018/7/5 23:15,2018/7/5 23:30,0,0,0,0,0,0,0,0,0,0,0,0,0,0,62,28,66,0,0,62,28,66,0.9
613836,"PLMN=1,AREA=1,ENB=1028401,cell=0",2018/7/5 23:30,2018/7/5 23:45,0,0,0,0,0,0,2,0,0,0,0,0,0,0,34,28,73,0,0,34,30,73,0.9
620438,"PLMN=1,AREA=1,ENB=1028401,cell=0",2018/7/5 23:45,2018/7/6,0,0,0,0,0,0,0,0,0,0,0,0,0,0,26,15,70,0,0,26,15,70,0.9
0,"PLMN=1,AREA=1,ENB=1028401,cell=0",2018/7/6,2018/7/6 0:15,0,0,0,0,0,0,0,0,0,0,0,0,0,0,48,25,80,0,0,48,25,80,0.9
6607,"PLMN=1,AREA=1,ENB=1028401,cell=0",2018/7/6 0:15,2018/7/6 0:30,0,0,0,0,0,0,0,0,0,0,0,0,0,0,50,33,109,0,0,50,33,109,0.9
13208,"PLMN=1,AREA=1,ENB=1028401,cell=0",2018/7/6 0:30,2018/7/6 0:45,0,0,0,0,0,0,0,0,0,0,0,0,0,0,114,36,150,0,0,114,36,150,0.9
19809,"PLMN=1,AREA=1,ENB=1028401,cell=0",2018/7/6 0:45,2018/7/6 1:00,0,0,0,0,0,0,0,0,0,0,0,0,0,0,119,28,122,0,0,119,28,122,0.9
26713,"PLMN=1,AREA=1,ENB=1028401,cell=0",2018/7/6 1:15,2018/7/6 1:30,0,0,0,0,0,0,0,0,0,0,0,0,0,0,114,21,131,0,0,114,21,131,0.9
33306,"PLMN=1,AREA=1,ENB=1028401,cell=0",2018/7/6 1:30,2018/7/6 1:45,0,0,0,0,0,0,0,0,0,0,0,0,0,0,113,14,125,0,0,113,14,125,0.9
39902,"PLMN=1,AREA=1,ENB=1028401,cell=0",2018/7/6 1:45,2018/7/6 2:00,0,0,0,0,0,0,0,0,0,0,0,0,0,0,120,24,109,0,0,120,24,109,0.9
46498,"PLMN=1,AREA=1,ENB=1028401,cell=0",2018/7/6 2:00,2018/7/6 2:15,0,0,0,0,0,0,0,0,0,0,0,0,0,0,102,18,105,0,0,102,18,105,0.9
53091,"PLMN=1,AREA=1,ENB=1028401,cell=0",2018/7/6 2:15,2018/7/6 2:30,0,0,0,0,0,0,1,0,0,0,0,0,0,0,97,26,112,0,0,97,27,112,0.9
59681,"PLMN=1,AREA=1,ENB=1028401,cell=0",2018/7/6 2:30,2018/7/6 2:45,0,0,0,0,0,0,0,0,0,0,0,0,0,0,97,9,105,0,0,97,9,105,0.9
66281,"PLMN=1,AREA=1,ENB=1028401,cell=0",2018/7/6 2:45,2018/7/6 3:00,0,0,0,0,0,0,0,0,0,0,0,0,0,0,75,16,119,0,0,75,16,119,0.9
72878,"PLMN=1,AREA=1,ENB=1028401,cell=0",2018/7/6 3:00,2018/7/6 3:15,0,0,0,0,0,0,0,0,0,0,0,0,0,0,102,23,115,0,0,102,23,115,0.9
79475,"PLMN=1,AREA=1,ENB=1028401,cell=0",2018/7/6 3:15,2018/7/6 3:30,0,0,0,0,0,0,0,0,0,0,0,0,0,0,100,35,93,0,0,100,35,93,0.9
86071,"PLMN=1,AREA=1,ENB=1028401,cell=0",2018/7/6 3:30,2018/7/6 3:45,0,0,0,0,0,0,0,0,0,0,0,0,0,0,102,34,109,0,0,102,34,109,0.9
92672,"PLMN=1,AREA=1,ENB=1028401,cell=0",2018/7/6 3:45,2018/7/6 4:00,0,0,0,0,0,0,0,0,0,0,0,0,0,0,61,51,101,0,0,61,51,101,0.9
99270,"PLMN=1,AREA=1,ENB=1028401,cell=0",2018/7/6 4:00,2018/7/6 4:15,0,0,0,0,0,0,0,0,0,0,0,0,0,0,112,25,106,0,0,112,25,106,0.9
105867,"PLMN=1,AREA=1,ENB=1028401,cell=0",2018/7/6 4:15,2018/7/6 4:30,0,0,0,0,0,0,0,0,0,0,0,0,0,0,125,26,101,0,0,125,26,101,0.9
112465,"PLMN=1,AREA=1,ENB=1028401,cell=0",2018/7/6 4:30,2018/7/6 4:45,0,0,0,0,0,0,0,0,0,0,0,0,0,0,91,22,134,0,0,91,22,134,0.9
119062,"PLMN=1,AREA=1,ENB=1028401,cell=0",2018/7/6 4:45,2018/7/6 5:00,0,0,0,0,0,0,0,0,0,0,0,0,0,0,96,36,113,0,0,96,36,113,0.9
125659,"PLMN=1,AREA=1,ENB=1028401,cell=0",2018/7/6 5:00,2018/7/6 5:15,0,0,0,0,0,0,0,0,0,0,0,0,0,0,96,78,118,0,0,96,78,118,0.9
132259,"PLMN=1,AREA=1,ENB=1028401,cell=0",2018/7/6 5:15,2018/7/6 5:30,0,0,0,0,0,0,0,0,0,0,0,0,0,0,111,27,125,0,0,111,27,125,0.9
138856,"PLMN=1,AREA=1,ENB=1028401,cell=0",2018/7/6 5:30,2018/7/6 5:45,0,0,0,0,0,0,0,0,0,0,0,0,0,0,109,23,113,0,0,109,23,113,0.9
145450,"PLMN=1,AREA=1,ENB=1028401,cell=0",2018/7/6 5:45,2018/7/6 6:00,0,0,0,0,0,0,0,0,0,0,0,0,0,0,106,32,128,0,0,106,32,128,0.9
152044,"PLMN=1,AREA=1,ENB=1028401,cell=0",2018/7/6 6:00,2018/7/6 6:15,0,0,0,0,0,0,0,0,0,0,0,0,0,0,108,34,149,0,0,108,34,149,0.9
158643,"PLMN=1,AREA=1,ENB=1028401,cell=0",2018/7/6 6:15,2018/7/6 6:30,0,0,0,0,0,0,0,0,0,0,0,0,0,0,123,44,149,0,0,123,44,149,0.94
165239,"PLMN=1,AREA=1,ENB=1028401,cell=0",2018/7/6 6:30,2018/7/6 6:45,0,0,0,0,0,0,1,0,0,0,0,0,0,0,59,38,131,0,0,59,39,131,0.9
171836,"PLMN=1,AREA=1,ENB=1028401,cell=0",2018/7/6 6:45,2018/7/6 7:00,0,0,0,0,0,0,0,0,0,0,0,0,0,0,76,47,106,0,0,76,47,106,0.9
178438,"PLMN=1,AREA=1,ENB=1028401,cell=0",2018/7/6 7:00,2018/7/6 7:15,0,0,0,0,0,0,0,0,0,0,0,0,0,0,78,40,131,0,0,78,40,131,0.9
185044,"PLMN=1,AREA=1,ENB=1028401,cell=0",2018/7/6 7:15,2018/7/6 7:30,0,0,0,0,0,0,1,0,0,0,0,0,0,0,58,51,120,0,0,58,52,120,0.9
191647,"PLMN=1,AREA=1,ENB=1028401,cell=0",2018/7/6 7:30,2018/7/6 7:45,0,0,0,0,0,0,0,0,0,0,0,0,0,0,82,70,110,0,0,82,70,110,0.9
198250,"PLMN=1,AREA=1,ENB=1028401,cell=0",2018/7/6 7:45,2018/7/6 8:00,0,0,0,0,0,0,1,0,0,0,0,0,0,0,82,73,102,0,0,82,74,102,0.9
204859,"PLMN=1,AREA=1,ENB=1028401,cell=0",2018/7/6 8:00,2018/7/6 8:15,0,0,0,0,0,0,1,0,0,0,0,0,0,0,81,69,90,0,0,81,70,90,0.9
211471,"PLMN=1,AREA=1,ENB=1028401,cell=0",2018/7/6 8:15,2018/7/6 8:30,0,0,0,0,0,0,0,0,0,0,0,0,0,0,106,64,103,0,0,106,64,103,0.9
218070,"PLMN=1,AREA=1,ENB=1028401,cell=0",2018/7/6 8:30,2018/7/6 8:45,0,0,0,0,0,0,0,0,0,0,0,0,0,0,88,50,110,0,0,88,50,110,0.9
224663,"PLMN=1,AREA=1,ENB=1028401,cell=0",2018/7/6 8:45,2018/7/6 9:00,0,0,0,0,0,0,0,0,0,0,0,0,0,0,72,51,94,0,0,72,51,94,0.9
231256,"PLMN=1,AREA=1,ENB=1028401,cell=0",2018/7/6 9:00,2018/7/6 9:15,0,0,0,0,0,0,0,0,0,0,0,0,0,0,79,55,103,0,0,79,55,103,0.9
237842,"PLMN=1,AREA=1,ENB=1028401,cell=0",2018/7/6 9:15,2018/7/6 9:30,0,0,0,0,0,0,1,0,0,0,0,0,0,0,96,56,88,0,0,96,57,88,0.9
244426,"PLMN=1,AREA=1,ENB=1028401,cell=0",2018/7/6 9:30,2018/7/6 9:45,0,0,0,0,0,0,1,0,0,0,0,0,0,0,93,87,103,0,0,93,88,103,0.9
251009,"PLMN=1,AREA=1,ENB=1028401,cell=0",2018/7/6 9:45,2018/7/6 10:00,0,0,0,0,0,0,1,0,0,0,0,0,0,0,80,82,80,0,0,80,83,80,0.9
257590,"PLMN=1,AREA=1,ENB=1028401,cell=0",2018/7/6 10:00,2018/7/6 10:15,0,0,0,0,0,0,1,0,0,0,0,0,0,0,55,68,87,0,0,55,69,87,0.9
264171,"PLMN=1,AREA=1,ENB=1028401,cell=0",2018/7/6 10:15,2018/7/6 10:30,0,0,0,0,0,0,0,0,0,0,0,0,0,0,47,53,82,0,0,47,53,82,0.9
270756,"PLMN=1,AREA=1,ENB=1028401,cell=0",2018/7/6 10:30,2018/7/6 10:45,0,0,0,0,0,0,1,0,0,0,0,0,0,0,52,82,55,0,0,52,83,55,0.9
277340,"PLMN=1,AREA=1,ENB=1028401,cell=0",2018/7/6 10:45,2018/7/6 11:00,0,0,0,0,0,0,2,0,0,0,0,0,0,0,55,62,76,0,0,55,64,76,0.9
283928,"PLMN=1,AREA=1,ENB=1028401,cell=0",2018/7/6 11:00,2018/7/6 11:15,0,0,0,0,0,0,0,0,0,0,0,0,0,0,60,48,70,0,0,60,48,70,0.9
290527,"PLMN=1,AREA=1,ENB=1028401,cell=0",2018/7/6 11:15,2018/7/6 11:30,0,0,0,0,0,0,0,0,0,0,0,0,0,0,100,52,93,0,0,100,52,93,0.9
297123,"PLMN=1,AREA=1,ENB=1028401,cell=0",2018/7/6 11:30,2018/7/6 11:45,0,0,0,0,0,0,0,0,0,0,0,0,0,0,88,71,78,0,0,88,71,78,0.9
303689,"PLMN=1,AREA=1,ENB=1028401,cell=0",2018/7/6 11:45,2018/7/6 12:00,0,0,0,0,0,0,0,0,0,0,0,0,0,0,96,84,98,0,0,96,84,98,0.9
310244,"PLMN=1,AREA=1,ENB=1028401,cell=0",2018/7/6 12:00,2018/7/6 12:15,0,0,0,0,0,0,0,0,0,0,0,0,0,0,65,84,97,0,0,65,84,97,0.9
316834,"PLMN=1,AREA=1,ENB=1028401,cell=0",2018/7/6 12:15,2018/7/6 12:30,0,0,0,0,0,0,2,0,0,0,0,0,0,0,92,59,87,0,0,92,61,87,0.9
323430,"PLMN=1,AREA=1,ENB=1028401,cell=0",2018/7/6 12:30,2018/7/6 12:45,0,0,0,0,0,0,1,0,0,0,0,0,0,0,85,58,86,0,0,85,59,86,0.9
330034,"PLMN=1,AREA=1,ENB=1028401,cell=0",2018/7/6 12:45,2018/7/6 13:00,0,0,0,0,0,0,1,0,0,0,0,0,0,0,79,76,115,0,0,79,77,115,0.9
336652,"PLMN=1,AREA=1,ENB=1028401,cell=0",2018/7/6 13:00,2018/7/6 13:15,0,0,0,0,0,0,0,0,0,0,0,0,0,0,61,53,104,0,0,61,53,104,0.9
343270,"PLMN=1,AREA=1,ENB=1028401,cell=0",2018/7/6 13:15,2018/7/6 13:30,0,0,0,0,0,0,0,0,0,0,0,0,0,0,60,56,97,0,0,60,56,97,0.9
349863,"PLMN=1,AREA=1,ENB=1028401,cell=0",2018/7/6 13:30,2018/7/6 13:45,0,0,0,0,0,0,0,0,0,0,0,0,0,0,81,67,103,0,0,81,67,103,0.9
356453,"PLMN=1,AREA=1,ENB=1028401,cell=0",2018/7/6 13:45,2018/7/6 14:00,0,0,0,0,0,0,2,0,0,0,0,0,0,0,87,72,82,0,0,87,74,82,0.9
363045,"PLMN=1,AREA=1,ENB=1028401,cell=0",2018/7/6 14:00,2018/7/6 14:15,0,0,0,0,0,0,0,0,0,0,0,0,0,0,69,61,100,0,0,69,61,100,0.9
369632,"PLMN=1,AREA=1,ENB=1028401,cell=0",2018/7/6 14:15,2018/7/6 14:30,0,0,0,0,0,0,1,0,0,0,0,0,0,0,75,71,90,0,0,75,72,90,0.9
376216,"PLMN=1,AREA=1,ENB=1028401,cell=0",2018/7/6 14:30,2018/7/6 14:45,0,0,0,0,0,0,0,0,0,0,0,0,0,0,67,65,88,0,0,67,65,88,0.9
382803,"PLMN=1,AREA=1,ENB=1028401,cell=0",2018/7/6 14:45,2018/7/6 15:00,0,0,0,0,0,0,0,0,0,0,0,0,0,0,93,62,82,0,0,93,62,82,0.9
389388,"PLMN=1,AREA=1,ENB=1028401,cell=0",2018/7/6 15:00,2018/7/6 15:15,0,0,0,0,0,0,1,0,0,0,0,0,0,0,73,71,72,0,0,73,72,72,0.9
395971,"PLMN=1,AREA=1,ENB=1028401,cell=0",2018/7/6 15:15,2018/7/6 15:30,0,0,0,0,0,0,2,0,0,0,0,0,0,0,74,80,90,0,0,74,82,90,0.9
402559,"PLMN=1,AREA=1,ENB=1028401,cell=0",2018/7/6 15:30,2018/7/6 15:45,0,0,0,0,0,0,0,0,0,0,0,0,0,0,89,94,100,0,0,89,94,100,0.9
409152,"PLMN=1,AREA=1,ENB=1028401,cell=0",2018/7/6 15:45,2018/7/6 16:00,0,0,0,0,0,0,5,0,0,0,0,0,0,0,80,67,82,0,0,80,71,83,0.9
415742,"PLMN=1,AREA=1,ENB=1028401,cell=0",2018/7/6 16:00,2018/7/6 16:15,0,0,0,0,0,0,0,0,0,0,0,0,0,0,86,50,71,0,0,86,50,71,0.9
422336,"PLMN=1,AREA=1,ENB=1028401,cell=0",2018/7/6 16:15,2018/7/6 16:30,0,0,0,0,0,0,1,0,0,0,0,0,0,0,100,69,86,0,0,100,70,86,0.9
428920,"PLMN=1,AREA=1,ENB=1028401,cell=0",2018/7/6 16:30,2018/7/6 16:45,0,0,0,0,0,0,0,0,0,0,0,0,0,0,109,77,84,0,0,109,77,84,0.9
435507,"PLMN=1,AREA=1,ENB=1028401,cell=0",2018/7/6 16:45,2018/7/6 17:00,0,0,0,0,0,0,0,0,0,0,0,0,0,0,94,54,72,0,0,94,54,72,0.9
442097,"PLMN=1,AREA=1,ENB=1028401,cell=0",2018/7/6 17:00,2018/7/6 17:15,0,0,0,0,0,0,2,0,0,0,0,0,0,0,86,57,72,0,0,86,59,72,0.9
448690,"PLMN=1,AREA=1,ENB=1028401,cell=0",2018/7/6 17:15,2018/7/6 17:30,0,0,0,0,0,0,1,0,0,0,0,0,0,0,82,56,75,0,0,82,57,75,0.9
455279,"PLMN=1,AREA=1,ENB=1028401,cell=0",2018/7/6 17:30,2018/7/6 17:45,0,0,0,0,0,0,0,0,0,0,0,0,0,0,83,44,64,0,0,83,44,64,0.9
461874,"PLMN=1,AREA=1,ENB=1028401,cell=0",2018/7/6 17:45,2018/7/6 18:00,0,0,0,0,0,0,0,0,0,0,0,0,0,0,80,52,73,0,0,80,52,73,0.9
468459,"PLMN=1,AREA=1,ENB=1028401,cell=0",2018/7/6 18:00,2018/7/6 18:15,0,0,0,0,0,0,1,0,0,0,0,0,0,0,69,74,64,0,0,69,75,64,0.9
475052,"PLMN=1,AREA=1,ENB=1028401,cell=0",2018/7/6 18:15,2018/7/6 18:30,0,0,0,0,0,0,3,0,0,0,0,0,0,0,59,97,71,0,0,59,100,71,0.9
481638,"PLMN=1,AREA=1,ENB=1028401,cell=0",2018/7/6 18:30,2018/7/6 18:45,0,0,0,0,0,0,0,0,0,0,0,0,0,0,96,89,71,0,0,96,89,71,0.9
488223,"PLMN=1,AREA=1,ENB=1028401,cell=0",2018/7/6 18:45,2018/7/6 19:00,0,0,0,0,0,0,1,0,0,0,0,0,0,0,78,79,79,0,0,78,80,79,0.9
494812,"PLMN=1,AREA=1,ENB=1028401,cell=0",2018/7/6 19:00,2018/7/6 19:15,0,0,0,0,0,0,7,0,0,0,0,0,0,0,76,93,64,0,0,77,99,64,0.9
501398,"PLMN=1,AREA=1,ENB=1028401,cell=0",2018/7/6 19:15,2018/7/6 19:30,0,0,0,0,0,0,1,0,0,0,0,0,0,0,90,84,86,0,0,90,85,86,0.9
507993,"PLMN=1,AREA=1,ENB=1028401,cell=0",2018/7/6 19:30,2018/7/6 19:45,0,0,0,0,0,0,0,0,0,0,0,0,0,0,83,83,92,0,0,83,83,92,0.9
514582,"PLMN=1,AREA=1,ENB=1028401,cell=0",2018/7/6 19:45,2018/7/6 20:00,0,0,0,0,0,0,2,0,0,0,0,0,0,0,101,86,80,0,0,101,88,80,0.9
521168,"PLMN=1,AREA=1,ENB=1028401,cell=0",2018/7/6 20:00,2018/7/6 20:15,0,0,0,0,0,0,9,0,0,0,0,0,0,0,76,99,83,0,0,76,108,83,0.9
527763,"PLMN=1,AREA=1,ENB=1028401,cell=0",2018/7/6 20:15,2018/7/6 20:30,0,0,0,0,0,0,1,0,0,0,0,0,0,0,93,87,110,0,0,93,88,110,0.9
534352,"PLMN=1,AREA=1,ENB=1028401,cell=0",2018/7/6 20:30,2018/7/6 20:45,0,0,0,0,0,0,0,0,0,0,0,0,0,0,118,95,152,0,0,118,95,152,0.94
540935,"PLMN=1,AREA=1,ENB=1028401,cell=0",2018/7/6 20:45,2018/7/6 21:00,0,0,0,0,0,0,0,0,0,0,0,0,0,0,108,75,114,0,0,108,75,114,0.9
547524,"PLMN=1,AREA=1,ENB=1028401,cell=0",2018/7/6 21:00,2018/7/6 21:15,0,0,0,0,0,0,1,0,0,0,0,0,0,0,88,95,144,0,0,88,96,144,0.94
554113,"PLMN=1,AREA=1,ENB=1028401,cell=0",2018/7/6 21:15,2018/7/6 21:30,0,0,0,0,0,0,2,0,0,0,0,0,0,0,109,54,105,0,0,109,55,106,0.9
560688,"PLMN=1,AREA=1,ENB=1028401,cell=0",2018/7/6 21:30,2018/7/6 21:45,0,0,0,0,0,0,0,0,0,0,0,0,0,0,95,42,104,0,0,95,42,104,0.9
567252,"PLMN=1,AREA=1,ENB=1028401,cell=0",2018/7/6 21:45,2018/7/6 22:00,0,0,0,0,0,0,0,0,0,0,0,0,0,0,76,66,84,0,0,76,66,84,0.9
573814,"PLMN=1,AREA=1,ENB=1028401,cell=0",2018/7/6 22:00,2018/7/6 22:15,0,0,0,0,0,0,1,0,0,0,0,0,0,0,53,45,95,0,0,53,46,95,0.9
580395,"PLMN=1,AREA=1,ENB=1028401,cell=0",2018/7/6 22:15,2018/7/6 22:30,0,0,0,0,0,0,0,0,0,0,0,0,0,0,103,55,87,0,0,103,55,87,0.9
586976,"PLMN=1,AREA=1,ENB=1028401,cell=0",2018/7/6 22:30,2018/7/6 22:45,0,0,0,0,0,0,3,0,0,0,0,0,0,0,87,59,103,0,0,87,62,103,0.9
593569,"PLMN=1,AREA=1,ENB=1028401,cell=0",2018/7/6 22:45,2018/7/6 23:00,0,0,0,0,0,0,1,0,0,0,0,0,0,0,80,64,98,0,0,80,65,98,0.9
600159,"PLMN=1,AREA=1,ENB=1028401,cell=0",2018/7/6 23:00,2018/7/6 23:15,0,0,0,0,0,0,0,0,0,0,0,0,0,0,94,29,111,0,0,94,29,111,0.9
606751,"PLMN=1,AREA=1,ENB=1028401,cell=0",2018/7/6 23:15,2018/7/6 23:30,0,0,0,0,0,0,0,0,0,0,0,0,0,0,73,18,92,0,0,73,18,92,0.9
613340,"PLMN=1,AREA=1,ENB=1028401,cell=0",2018/7/6 23:30,2018/7/6 23:45,0,0,0,0,0,0,1,0,0,0,0,0,0,0,62,28,71,0,0,62,29,71,0.9
619929,"PLMN=1,AREA=1,ENB=1028401,cell=0",2018/7/6 23:45,2018/7/7,0,0,0,0,0,0,1,0,0,0,0,0,0,0,69,29,65,0,0,69,30,65,0.9
0,"PLMN=1,AREA=1,ENB=1028401,cell=0",2018/7/7,2018/7/7 0:15,0,0,0,0,0,0,0,0,0,0,0,0,0,0,81,19,63,0,0,81,19,63,0.9
6583,"PLMN=1,AREA=1,ENB=1028401,cell=0",2018/7/7 0:15,2018/7/7 0:30,0,0,0,0,0,0,1,0,0,0,0,0,0,0,56,20,61,0,0,56,21,61,0.9
13166,"PLMN=1,AREA=1,ENB=1028401,cell=0",2018/7/7 0:30,2018/7/7 0:45,0,0,0,0,0,0,0,0,0,0,0,0,0,0,59,27,76,0,0,59,27,76,0.9
19752,"PLMN=1,AREA=1,ENB=1028401,cell=0",2018/7/7 0:45,2018/7/7 1:00,0,0,0,0,0,0,0,0,0,0,0,0,0,0,53,12,77,0,0,53,12,77,0.9
26341,"PLMN=1,AREA=1,ENB=1028401,cell=0",2018/7/7 1:00,2018/7/7 1:15,0,0,0,0,0,0,0,0,0,0,0,0,0,0,55,23,59,0,0,55,23,59,0.9
32927,"PLMN=1,AREA=1,ENB=1028401,cell=0",2018/7/7 1:15,2018/7/7 1:30,0,0,0,0,0,0,0,0,0,0,0,0,0,0,54,18,63,0,0,54,18,63,0.9
39516,"PLMN=1,AREA=1,ENB=1028401,cell=0",2018/7/7 1:30,2018/7/7 1:45,0,0,0,0,0,0,0,0,0,0,0,0,0,0,47,15,76,0,0,47,15,76,0.9
46107,"PLMN=1,AREA=1,ENB=1028401,cell=0",2018/7/7 1:45,2018/7/7 2:00,0,0,0,0,0,0,0,0,0,0,0,0,0,0,59,14,77,0,0,59,14,77,0.9
52715,"PLMN=1,AREA=1,ENB=1028401,cell=0",2018/7/7 2:00,2018/7/7 2:15,0,0,0,0,0,0,0,0,0,0,0,0,0,0,55,23,81,0,0,55,23,81,0.9
59320,"PLMN=1,AREA=1,ENB=1028401,cell=0",2018/7/7 2:15,2018/7/7 2:30,0,0,0,0,0,0,0,0,0,0,0,0,0,0,47,26,80,0,0,47,26,80,0.9
65925,"PLMN=1,AREA=1,ENB=1028401,cell=0",2018/7/7 2:30,2018/7/7 2:45,0,0,0,0,0,0,0,0,0,0,0,0,0,0,71,15,84,0,0,71,15,84,0.9
72530,"PLMN=1,AREA=1,ENB=1028401,cell=0",2018/7/7 2:45,2018/7/7 3:00,0,0,0,0,0,0,0,0,0,0,0,0,0,0,71,16,82,0,0,71,16,82,0.9
79132,"PLMN=1,AREA=1,ENB=1028401,cell=0",2018/7/7 3:00,2018/7/7 3:15,0,0,0,0,0,0,0,0,0,0,0,0,0,0,44,14,68,0,0,44,14,68,0.9
85734,"PLMN=1,AREA=1,ENB=1028401,cell=0",2018/7/7 3:15,2018/7/7 3:30,0,0,0,0,0,0,0,0,0,0,0,0,0,0,49,17,89,0,0,49,17,89,0.9
92339,"PLMN=1,AREA=1,ENB=1028401,cell=0",2018/7/7 3:30,2018/7/7 3:45,0,0,0,0,0,0,0,0,0,0,0,0,0,0,47,14,64,0,0,47,14,64,0.9
98941,"PLMN=1,AREA=1,ENB=1028401,cell=0",2018/7/7 3:45,2018/7/7 4:00,0,0,0,0,0,0,0,0,0,0,0,0,0,0,50,17,65,0,0,50,17,65,0.9
105552,"PLMN=1,AREA=1,ENB=1028401,cell=0",2018/7/7 4:00,2018/7/7 4:15,0,0,0,0,0,0,0,0,0,0,0,0,0,0,43,26,79,0,0,43,26,79,0.9
112157,"PLMN=1,AREA=1,ENB=1028401,cell=0",2018/7/7 4:15,2018/7/7 4:30,0,0,0,0,0,0,0,0,0,0,0,0,0,0,44,29,78,0,0,44,29,78,0.9
118762,"PLMN=1,AREA=1,ENB=1028401,cell=0",2018/7/7 4:30,2018/7/7 4:45,0,0,0,0,0,0,0,0,0,0,0,0,0,0,54,23,76,0,0,54,23,76,0.9
125349,"PLMN=1,AREA=1,ENB=1028401,cell=0",2018/7/7 4:45,2018/7/7 5:00,0,0,0,0,0,0,0,0,0,0,0,0,0,0,43,26,74,0,0,43,26,74,0.9
131935,"PLMN=1,AREA=1,ENB=1028401,cell=0",2018/7/7 5:00,2018/7/7 5:15,0,0,0,0,0,0,0,0,0,0,0,0,0,0,48,30,68,0,0,48,30,68,0.9
138524,"PLMN=1,AREA=1,ENB=1028401,cell=0",2018/7/7 5:15,2018/7/7 5:30,0,0,0,0,0,0,0,0,0,0,0,0,0,0,48,24,63,0,0,48,24,63,0.9
145113,"PLMN=1,AREA=1,ENB=1028401,cell=0",2018/7/7 5:30,2018/7/7 5:45,0,0,0,0,0,0,0,0,0,0,0,0,0,0,51,29,70,0,0,51,29,70,0.9
151705,"PLMN=1,AREA=1,ENB=1028401,cell=0",2018/7/7 5:45,2018/7/7 6:00,0,0,0,0,0,0,0,0,0,0,0,0,0,0,51,32,86,0,0,51,32,86,0.9
158291,"PLMN=1,AREA=1,ENB=1028401,cell=0",2018/7/7 6:00,2018/7/7 6:15,0,0,0,0,0,0,0,0,0,0,0,0,0,0,54,41,86,0,0,54,41,86,0.9
164892,"PLMN=1,AREA=1,ENB=1028401,cell=0",2018/7/7 6:15,2018/7/7 6:30,0,0,0,0,0,0,3,0,0,0,0,0,0,0,64,71,98,0,0,64,74,98,0.9
171490,"PLMN=1,AREA=1,ENB=1028401,cell=0",2018/7/7 6:30,2018/7/7 6:45,0,0,0,0,0,0,0,0,0,0,0,0,0,0,56,89,81,0,0,56,89,81,0.9
178091,"PLMN=1,AREA=1,ENB=1028401,cell=0",2018/7/7 6:45,2018/7/7 7:00,0,0,0,0,0,0,3,0,0,0,0,0,0,0,56,101,85,0,0,57,103,85,0.9
184689,"PLMN=1,AREA=1,ENB=1028401,cell=0",2018/7/7 7:00,2018/7/7 7:15,0,0,0,0,0,0,3,0,0,0,0,0,0,0,68,116,76,0,0,68,119,76,0.9
191290,"PLMN=1,AREA=1,ENB=1028401,cell=0",2018/7/7 7:15,2018/7/7 7:30,0,0,0,0,0,0,1,0,0,0,0,0,0,0,79,107,61,0,0,79,108,61,0.9
197897,"PLMN=1,AREA=1,ENB=1028401,cell=0",2018/7/7 7:30,2018/7/7 7:45,0,0,0,0,0,0,10,0,0,0,0,0,0,0,47,139,61,0,0,47,149,61,0.9
204504,"PLMN=1,AREA=1,ENB=1028401,cell=0",2018/7/7 7:45,2018/7/7 8:00,0,0,0,0,0,0,0,0,0,0,0,0,0,0,55,108,74,0,0,55,108,74,0.9
211120,"PLMN=1,AREA=1,ENB=1028401,cell=0",2018/7/7 8:00,2018/7/7 8:15,0,0,0,0,0,0,1,0,0,0,0,0,0,0,70,102,95,0,0,70,103,95,0.9
217728,"PLMN=1,AREA=1,ENB=1028401,cell=0",2018/7/7 8:15,2018/7/7 8:30,0,0,0,0,0,0,0,0,0,0,0,0,0,0,95,72,89,0,0,95,72,89,0.9
224326,"PLMN=1,AREA=1,ENB=1028401,cell=0",2018/7/7 8:30,2018/7/7 8:45,0,0,0,0,0,0,1,0,0,0,0,0,0,0,68,70,74,0,0,68,71,74,0.9
230943,"PLMN=1,AREA=1,ENB=1028401,cell=0",2018/7/7 8:45,2018/7/7 9:00,0,0,0,0,0,0,1,0,0,0,0,0,0,0,67,72,75,0,0,67,73,75,0.9
237554,"PLMN=1,AREA=1,ENB=1028401,cell=0",2018/7/7 9:00,2018/7/7 9:15,0,0,0,0,0,0,0,0,0,0,0,0,0,0,104,93,96,0,0,104,93,96,0.9
244165,"PLMN=1,AREA=1,ENB=1028401,cell=0",2018/7/7 9:15,2018/7/7 9:30,0,0,0,0,0,0,0,0,0,0,0,0,0,0,111,112,110,0,0,111,112,110,0.94
250768,"PLMN=1,AREA=1,ENB=1028401,cell=0",2018/7/7 9:30,2018/7/7 9:45,0,0,0,0,0,0,2,0,0,0,0,0,0,0,117,151,96,0,0,117,153,96,0.94
257368,"PLMN=1,AREA=1,ENB=1028401,cell=0",2018/7/7 9:45,2018/7/7 10:00,0,0,0,0,0,0,1,0,0,0,0,0,0,0,113,123,107,0,0,113,124,107,0.94
263967,"PLMN=1,AREA=1,ENB=1028401,cell=0",2018/7/7 10:00,2018/7/7 10:15,0,0,0,0,0,0,0,0,0,0,0,0,0,0,125,127,112,0,0,125,127,112,0.94
270559,"PLMN=1,AREA=1,ENB=1028401,cell=0",2018/7/7 10:15,2018/7/7 10:30,0,0,0,0,0,0,2,0,0,0,0,0,0,0,132,115,101,0,0,132,117,101,0.94
277152,"PLMN=1,AREA=1,ENB=1028401,cell=0",2018/7/7 10:30,2018/7/7 10:45,0,0,0,0,0,0,2,0,0,0,0,0,0,0,143,148,104,0,0,144,149,104,0.94
283745,"PLMN=1,AREA=1,ENB=1028401,cell=0",2018/7/7 10:45,2018/7/7 11:00,0,0,0,0,0,0,1,0,0,0,0,0,0,0,139,143,115,0,0,140,143,115,0.94
290341,"PLMN=1,AREA=1,ENB=1028401,cell=0",2018/7/7 11:00,2018/7/7 11:15,0,0,0,0,0,0,1,0,0,0,0,0,0,0,111,147,74,0,0,111,148,74,0.94
296931,"PLMN=1,AREA=1,ENB=1028401,cell=0",2018/7/7 11:15,2018/7/7 11:30,0,0,0,0,0,0,0,0,0,0,0,0,0,0,123,115,119,0,0,123,115,119,0.94
303533,"PLMN=1,AREA=1,ENB=1028401,cell=0",2018/7/7 11:30,2018/7/7 11:45,0,0,0,0,0,0,2,0,0,0,0,0,0,0,129,114,112,0,0,129,116,112,0.94
310146,"PLMN=1,AREA=1,ENB=1028401,cell=0",2018/7/7 11:45,2018/7/7 12:00,0,0,0,0,0,0,2,0,0,0,0,0,0,0,112,120,123,0,0,112,122,123,0.94
316760,"PLMN=1,AREA=1,ENB=1028401,cell=0",2018/7/7 12:00,2018/7/7 12:15,0,0,0,0,0,0,1,0,0,0,0,0,0,0,126,133,133,0,0,126,134,133,0.94
323378,"PLMN=1,AREA=1,ENB=1028401,cell=0",2018/7/7 12:15,2018/7/7 12:30,0,0,0,0,0,0,0,0,0,0,0,0,0,0,148,108,144,0,0,148,108,144,0.94
329996,"PLMN=1,AREA=1,ENB=1028401,cell=0",2018/7/7 12:30,2018/7/7 12:45,0,0,0,0,0,0,0,0,0,0,0,0,0,0,120,107,118,0,0,120,107,118,0.94
336611,"PLMN=1,AREA=1,ENB=1028401,cell=0",2018/7/7 12:45,2018/7/7 13:00,0,0,0,0,0,0,1,0,0,0,0,0,0,0,139,93,147,0,0,139,93,148,0.94
343229,"PLMN=1,AREA=1,ENB=1028401,cell=0",2018/7/7 13:00,2018/7/7 13:15,0,0,0,0,0,0,1,0,0,0,0,0,0,0,121,102,133,0,0,121,103,133,0.94
349847,"PLMN=1,AREA=1,ENB=1028401,cell=0",2018/7/7 13:15,2018/7/7 13:30,0,0,0,0,0,0,1,0,0,0,0,0,0,0,105,118,120,0,0,105,119,120,0.94
356465,"PLMN=1,AREA=1,ENB=1028401,cell=0",2018/7/7 13:30,2018/7/7 13:45,0,0,0,0,0,0,2,0,0,0,0,0,0,0,110,120,133,0,0,110,122,133,0.94
363082,"PLMN=1,AREA=1,ENB=1028401,cell=0",2018/7/7 13:45,2018/7/7 14:00,0,0,0,0,0,0,1,0,0,0,0,0,0,0,106,109,120,0,0,106,110,120,0.94
369693,"PLMN=1,AREA=1,ENB=1028401,cell=0",2018/7/7 14:00,2018/7/7 14:15,0,0,0,0,0,0,1,0,0,0,0,0,0,0,99,110,127,0,0,99,111,127,0.94
376292,"PLMN=1,AREA=1,ENB=1028401,cell=0",2018/7/7 14:15,2018/7/7 14:30,0,0,0,0,0,0,1,0,0,0,0,0,0,0,115,108,87,0,0,115,109,87,0.94
382891,"PLMN=1,AREA=1,ENB=1028401,cell=0",2018/7/7 14:30,2018/7/7 14:45,0,0,0,0,0,0,2,0,0,0,0,0,0,0,120,122,108,0,0,120,124,108,0.94
389485,"PLMN=1,AREA=1,ENB=1028401,cell=0",2018/7/7 14:45,2018/7/7 15:00,0,0,0,0,0,0,2,0,0,0,0,0,0,0,98,74,97,0,0,98,76,97,0.9
396076,"PLMN=1,AREA=1,ENB=1028401,cell=0",2018/7/7 15:00,2018/7/7 15:15,0,0,0,0,0,0,2,0,0,0,0,0,0,0,90,93,104,0,0,90,95,104,0.9
402667,"PLMN=1,AREA=1,ENB=1028401,cell=0",2018/7/7 15:15,2018/7/7 15:30,0,0,0,0,0,0,0,0,0,0,0,0,0,0,126,83,98,0,0,126,83,98,0.94
409258,"PLMN=1,AREA=1,ENB=1028401,cell=0",2018/7/7 15:30,2018/7/7 15:45,0,0,0,0,0,0,2,0,0,0,0,0,0,0,104,80,124,0,0,104,82,124,0.94
415831,"PLMN=1,AREA=1,ENB=1028401,cell=0",2018/7/7 15:45,2018/7/7 16:00,0,0,0,0,0,0,0,0,0,0,0,0,0,0,101,87,106,0,0,101,87,106,0.9
422404,"PLMN=1,AREA=1,ENB=1028401,cell=0",2018/7/7 16:00,2018/7/7 16:15,0,0,0,0,0,0,3,0,0,0,0,0,0,0,98,83,135,0,0,98,86,135,0.94
428972,"PLMN=1,AREA=1,ENB=1028401,cell=0",2018/7/7 16:15,2018/7/7 16:30,0,0,0,0,0,0,1,0,0,0,0,0,0,0,110,56,126,0,0,110,57,126,0.9
435540,"PLMN=1,AREA=1,ENB=1028401,cell=0",2018/7/7 16:30,2018/7/7 16:45,0,0,0,0,0,0,0,0,0,0,0,0,0,0,119,70,155,0,0,119,70,155,0.94
442106,"PLMN=1,AREA=1,ENB=1028401,cell=0",2018/7/7 16:45,2018/7/7 17:00,0,0,0,0,0,0,11,0,0,0,0,0,0,0,101,88,117,0,0,101,99,117,0.94
448649,"PLMN=1,AREA=1,ENB=1028401,cell=0",2018/7/7 17:00,2018/7/7 17:15,0,0,0,0,0,0,1,0,0,0,0,0,0,0,121,85,116,0,0,121,86,116,0.94
455192,"PLMN=1,AREA=1,ENB=1028401,cell=0",2018/7/7 17:15,2018/7/7 17:30,0,0,0,0,0,0,2,0,0,0,0,0,0,0,139,64,106,0,0,139,66,106,0.94
461734,"PLMN=1,AREA=1,ENB=1028401,cell=0",2018/7/7 17:30,2018/7/7 17:45,0,0,0,0,0,0,3,0,0,0,0,0,0,0,104,58,122,0,0,104,61,122,0.9
468276,"PLMN=1,AREA=1,ENB=1028401,cell=0",2018/7/7 17:45,2018/7/7 18:00,0,0,0,0,0,0,0,0,0,0,0,0,0,0,112,56,94,0,0,112,56,94,0.9
474817,"PLMN=1,AREA=1,ENB=1028401,cell=0",2018/7/7 18:00,2018/7/7 18:15,0,0,0,0,0,0,0,0,0,0,0,0,0,0,109,71,86,0,0,109,71,86,0.9
481362,"PLMN=1,AREA=1,ENB=1028401,cell=0",2018/7/7 18:15,2018/7/7 18:30,0,0,0,0,0,0,0,0,0,0,0,0,0,0,118,65,101,0,0,118,65,101,0.9
487907,"PLMN=1,AREA=1,ENB=1028401,cell=0",2018/7/7 18:30,2018/7/7 18:45,0,0,0,0,0,0,10,0,0,0,0,0,0,0,124,63,121,0,0,124,73,121,0.94
494452,"PLMN=1,AREA=1,ENB=1028401,cell=0",2018/7/7 18:45,2018/7/7 19:00,0,0,0,0,0,0,0,0,0,0,0,0,0,0,121,98,105,0,0,121,98,105,0.94
500983,"PLMN=1,AREA=1,ENB=1028401,cell=0",2018/7/7 19:00,2018/7/7 19:15,0,0,0,0,0,0,1,0,0,0,0,0,0,0,117,56,103,0,0,117,57,103,0.9
507514,"PLMN=1,AREA=1,ENB=1028401,cell=0",2018/7/7 19:15,2018/7/7 19:30,0,0,0,0,0,0,2,0,0,0,0,0,0,0,96,78,133,0,0,96,80,133,0.94
514045,"PLMN=1,AREA=1,ENB=1028401,cell=0",2018/7/7 19:30,2018/7/7 19:45,0,0,0,0,0,0,2,0,0,0,0,0,0,0,101,72,137,0,0,101,73,138,0.94
520573,"PLMN=1,AREA=1,ENB=1028401,cell=0",2018/7/7 19:45,2018/7/7 20:00,0,0,0,0,0,0,0,0,0,0,0,0,0,0,128,83,138,0,0,128,83,138,0.94
527101,"PLMN=1,AREA=1,ENB=1028401,cell=0",2018/7/7 20:00,2018/7/7 20:15,0,0,0,0,0,0,1,0,0,0,0,0,0,0,120,94,147,0,0,120,95,147,0.94
533632,"PLMN=1,AREA=1,ENB=1028401,cell=0",2018/7/7 20:15,2018/7/7 20:30,0,0,0,0,0,0,0,0,0,0,0,0,0,0,158,86,145,0,0,158,86,145,0.94
540163,"PLMN=1,AREA=1,ENB=1028401,cell=0",2018/7/7 20:30,2018/7/7 20:45,0,0,0,0,0,0,0,0,0,0,0,0,0,0,132,67,115,0,0,132,67,115,0.94
546691,"PLMN=1,AREA=1,ENB=1028401,cell=0",2018/7/7 20:45,2018/7/7 21:00,0,0,0,0,0,0,1,0,0,0,0,0,0,0,108,63,140,0,0,108,64,140,0.94
553220,"PLMN=1,AREA=1,ENB=1028401,cell=0",2018/7/7 21:00,2018/7/7 21:15,0,0,0,0,0,0,0,0,0,0,0,0,0,0,88,93,132,0,0,88,93,132,0.94
559749,"PLMN=1,AREA=1,ENB=1028401,cell=0",2018/7/7 21:15,2018/7/7 21:30,0,0,0,0,0,0,0,0,0,0,0,0,0,0,107,82,133,0,0,107,82,133,0.94
566277,"PLMN=1,AREA=1,ENB=1028401,cell=0",2018/7/7 21:30,2018/7/7 21:45,0,0,0,0,0,0,0,0,0,0,0,0,0,0,94,63,149,0,0,94,63,149,0.94
572806,"PLMN=1,AREA=1,ENB=1028401,cell=0",2018/7/7 21:45,2018/7/7 22:00,0,0,0,0,0,0,0,0,0,0,0,0,0,0,104,58,135,0,0,104,58,135,0.9
579335,"PLMN=1,AREA=1,ENB=1028401,cell=0",2018/7/7 22:00,2018/7/7 22:15,0,0,0,0,0,0,0,0,0,0,0,0,0,0,115,78,138,0,0,115,78,138,0.94
585867,"PLMN=1,AREA=1,ENB=1028401,cell=0",2018/7/7 22:15,2018/7/7 22:30,0,0,0,0,0,0,1,0,0,0,0,0,0,0,98,78,127,0,0,98,78,128,0.94
592396,"PLMN=1,AREA=1,ENB=1028401,cell=0",2018/7/7 22:30,2018/7/7 22:45,0,0,0,0,0,0,0,0,0,0,0,0,0,0,109,62,110,0,0,109,62,110,0.9
598925,"PLMN=1,AREA=1,ENB=1028401,cell=0",2018/7/7 22:45,2018/7/7 23:00,0,0,0,0,0,0,2,0,0,0,0,0,0,0,76,100,125,0,0,76,102,125,0.94
605448,"PLMN=1,AREA=1,ENB=1028401,cell=0",2018/7/7 23:00,2018/7/7 23:15,0,0,0,0,0,0,0,0,0,0,0,0,0,0,88,60,149,0,0,88,60,149,0.9
611970,"PLMN=1,AREA=1,ENB=1028401,cell=0",2018/7/7 23:15,2018/7/7 23:30,0,0,0,0,0,0,0,0,0,0,0,0,0,0,86,31,158,0,0,86,31,158,0.9
618493,"PLMN=1,AREA=1,ENB=1028401,cell=0",2018/7/7 23:30,2018/7/7 23:45,0,0,0,0,0,0,0,0,0,0,0,0,0,0,82,56,136,0,0,82,56,136,0.9
625013,"PLMN=1,AREA=1,ENB=1028401,cell=0",2018/7/7 23:45,2018/7/8,0,0,0,0,0,0,1,0,0,0,0,0,0,0,58,46,110,0,0,58,47,110,0.9

